period,reporter,total_somehow_h10_pats,total_mainfield_h10_pats,total_globalfam_h10_pats,total_foreignowned_h10_pats,trade_partners_balance,trade_net_value,Working-age population TOTAL (thousands),Employed population in chips manufacture (ISIC2 = C26) TOTAL (thousands),Employed population in chips manufacture (ISIC2 = C26) with ADVANCED education (thousands),Employed population in chips manufacture (ISIC2 = C26) with BASIC or INTERMEDIATE education (thousands),FDI yearly flows inward in USD millions,FDI yearly flows outward in USD millions,FDI yearly stock inward in USD millions,FDI yearly stock outward in USD millions
2025,USA,37130,27049,26438,30911,NA,NA,273652.893,649.033,441.366,205.437,NA,NA,NA,NA
2025,China,29037,19888,19888,14340,NA,NA,NA,NA,NA,NA,NA,NA,NA,NA
2025,South Korea,18773,12740,12740,6867,NA,NA,45762.36,NA,NA,NA,NA,NA,NA,NA
2025,Japan,9370,6624,6624,2175,-13.28125,30299630164,109730,NA,NA,NA,NA,NA,NA,NA
2025,European Patent Office,8504,5424,5424,8504,NA,NA,NA,NA,NA,NA,NA,NA,NA,NA
2025,World Intellectual Property Organization,5923,4303,4303,5923,NA,NA,NA,NA,NA,NA,NA,NA,NA,NA
2025,Taiwan,5021,3718,3718,3060,NA,NA,NA,NA,NA,NA,NA,NA,NA,NA
2025,Germany,2260,1630,1630,1738,NA,NA,NA,NA,NA,NA,NA,NA,NA,NA
2025,France,401,268,268,61,NA,NA,NA,NA,NA,NA,NA,NA,NA,NA
2025,Netherlands,44,35,35,36,NA,NA,NA,NA,NA,NA,NA,NA,NA,NA
2025,Finland,28,11,11,16,NA,NA,NA,NA,NA,NA,NA,NA,NA,NA
2025,Italy,13,8,8,13,NA,NA,NA,NA,NA,NA,NA,NA,NA,NA
2025,Denmark,12,8,8,12,NA,NA,NA,NA,NA,NA,NA,NA,NA,NA
2025,Luxembourg,11,4,4,10,NA,NA,NA,NA,NA,NA,NA,NA,NA,NA
2025,Hungary,11,6,6,9,NA,NA,NA,NA,NA,NA,NA,NA,NA,NA
2025,Czechia,7,3,3,0,NA,NA,NA,NA,NA,NA,NA,NA,NA,NA
2025,Austria,6,4,4,3,NA,NA,NA,NA,NA,NA,NA,NA,NA,NA
2025,Belgium,3,2,2,3,NA,NA,NA,NA,NA,NA,NA,NA,NA,NA
2025,Croatia,3,2,2,3,NA,NA,NA,NA,NA,NA,NA,NA,NA,NA
2025,Lithuania,2,0,0,2,NA,NA,NA,NA,NA,NA,NA,NA,NA,NA
2025,Cyprus,1,1,1,1,NA,NA,NA,NA,NA,NA,NA,NA,NA,NA
2024,China,54333,44355,44355,34059,-75.71115974,-2.11079E+11,NA,NA,NA,NA,NA,NA,NA,NA
2024,USA,47759,39567,39567,40371,-67.49435666,33973560352,268571.433,671.258,477.048,193.269,10142,21540,210200,218129
2024,South Korea,21364,16185,16185,11961,2.4,1.24308E+11,45570.329,NA,NA,NA,1435.974,4412.088,14419.948,75740.383
2024,Japan,12478,9802,9802,4385,-18.82352941,29766595989,109950,NA,NA,NA,NA,NA,NA,NA
2024,European Patent Office,10518,7982,7982,10518,NA,NA,NA,NA,NA,NA,NA,NA,NA,NA
2024,Taiwan,9219,7363,7363,6020,NA,NA,NA,NA,NA,NA,NA,NA,NA,NA
2024,World Intellectual Property Organization,8382,6383,6383,8382,NA,NA,NA,NA,NA,NA,NA,NA,NA,NA
2024,Germany,2787,2372,2372,2023,-47.06959707,5299713937,71651.276,NA,NA,NA,NA,NA,NA,NA
2024,France,436,380,380,39,-33.85518591,6581618786,55435.998,169.594,103.415,66.038,-1069.652,-3415.531,13825.057,12903.594
2024,Netherlands,82,74,74,66,-42.09445585,-2840203340,14909.424,NA,NA,NA,-18.927,1311.702,8.311,46027.426
2024,Italy,53,40,40,52,-68.19484241,599983445.2,51357.506,NA,NA,NA,2119.123,133.364,7655.755,10232.97
2024,Finland,42,29,29,30,-32.62411348,199124840.2,4713.238,NA,NA,NA,459.658,-2399.957,2261.583,NA
2024,Hungary,26,23,23,23,4.678362573,-5250653273,8013.532,NA,NA,NA,189.713,-290.976,4771.189,1204.967
2024,Denmark,26,25,25,23,-30.5785124,-286597015.9,5030.104,NA,NA,NA,216.669,918.307,6557.841,4769.071
2024,Croatia,14,14,14,14,29.46859903,-72018334,3289.592,NA,NA,NA,NA,NA,NA,NA
2024,Luxembourg,13,9,9,12,-56.38297872,-31305470.76,555.232,NA,NA,NA,-8.652,8.652,0,134.012
2024,Austria,12,7,7,3,-35.78947368,387918530.5,7721.288,39.565,16.25,21.934,414.233,174.129,3703.511,3735.716
2024,Belgium,11,10,10,11,-95.25423729,-1894783475,9744.852,NA,NA,NA,126.541,-186.026,857.054,1541.658
2024,Czechia,8,7,7,0,-35,-4666698720,8801.746,57.032,13.766,43.266,579.949,-26.783,3255.347,1.285
2024,Lithuania,4,4,4,4,0.921658986,-445670094,2479.081,NA,NA,NA,27.839,-5.105,297.507,13.609
2024,Ireland,2,2,2,2,25.1552795,6710180523,4377.415,NA,NA,NA,-9059.726,NA,87134.22,-10694.598
2024,Bulgaria,2,2,2,0,-0.332225914,373423887.1,5510.14,NA,NA,NA,NA,NA,NA,NA
2024,Greece,2,2,2,0,9.727626459,-94353390.68,9018.045,5.507,3.507,2,67.841,0.054,491.64,8.989
2024,Cyprus,1,1,1,1,89.22155689,-3284251.875,786.455,NA,NA,NA,NA,NA,NA,NA
2024,Latvia,1,1,1,0,-13.87559809,-30004295.28,1552.327,NA,NA,NA,NA,NA,NA,NA
2023,China,48283,39213,39213,28464,-69.21487603,-1.94978E+11,NA,NA,NA,NA,NA,NA,NA,NA
2023,USA,44461,31662,31662,36373,-69.14893617,20131344154,266942.19,705.483,477.72,227.763,4429,25392,195299,196075
2023,South Korea,20197,13705,13705,10873,5.837563452,86437228710,45407.077,NA,NA,NA,1291.264,4.78,15776.3,49129.657
2023,Japan,13312,10044,10044,3732,-21.29277567,26628275019,110170,NA,NA,NA,NA,NA,NA,NA
2023,European Patent Office,9816,7028,7028,9816,NA,NA,NA,NA,NA,NA,NA,NA,NA,NA
2023,World Intellectual Property Organization,9643,6978,6978,9643,NA,NA,NA,NA,NA,NA,NA,NA,NA,NA
2023,Taiwan,8809,6117,6117,5688,NA,NA,NA,NA,NA,NA,NA,NA,NA,NA
2023,Germany,2596,2072,2072,1905,-43.50180505,80870206.79,71217.08,NA,NA,NA,-924.524,1724.697,7893.923,19413.26
2023,France,497,388,388,22,-40.55666004,11618905227,54781.868,170.496,103.338,67.158,-1234.862,5126.514,16247.514,16638.674
2023,Italy,55,41,41,55,-56.95538058,-618413921.4,51184.992,NA,NA,NA,527.861,-1306.506,6270.51,10151.365
2023,Netherlands,50,38,38,32,-48.08853119,-866565887.2,14792.106,NA,NA,NA,NA,87.154,NA,44418.232
2023,Finland,49,33,33,26,-46.85314685,277882962.4,4667.01,NA,NA,NA,7.569,516.869,1783.425,16206.63
2023,Denmark,31,21,21,30,-34.3575419,-386219243.5,4995.04,NA,NA,NA,NA,NA,6910.76,6108.797
2023,Hungary,17,13,13,13,-3.125,-7343812430,8022.367,NA,NA,NA,-264.832,-421.163,5427.392,1399.542
2023,Austria,15,12,12,11,-44.80874317,-108128935.9,7681.05,41.556,17.302,22.619,133.002,650.952,3468.508,3070.718
2023,Luxembourg,10,6,6,9,-74.01129944,-25497620.91,545.102,NA,NA,NA,-8.651,-9.732,0,151.381
2023,Belgium,9,9,9,3,-81.49350649,-5482112018,9680.087,NA,NA,NA,64.879,29.196,874.033,2791.16
2023,Lithuania,8,6,6,4,0.892857143,-421622766,2450.884,NA,NA,NA,26.784,10.208,290,18.166
2023,Croatia,5,5,5,5,23.76237624,-74266858,3271.924,NA,NA,NA,NA,NA,NA,NA
2023,Czechia,3,3,3,0,-39.94490358,-4224433922,8665.189,48.887,11.963,36.924,791.029,NA,3337.347,1.392
2023,Cyprus,2,1,1,2,81.08108108,-6724132.737,777.637,0,0,0,NA,NA,NA,NA
2023,Greece,1,1,1,0,-6.967213115,-104206835.1,9036.996,6.062,3.494,2.569,29.041,0,451.846,7.491
2023,Bulgaria,1,1,1,1,-28.16326531,240514254.4,5505.856,NA,NA,NA,NA,NA,NA,NA
2022,China,51532,27000,27000,34132,-71.42857143,-2.49684E+11,NA,NA,NA,NA,NA,NA,NA,NA
2022,USA,44247,19182,19182,36169,-62.96296296,21253511560,263973.465,655.117,443.766,210.798,11412,32910,191615,195604
2022,South Korea,19695,7558,7558,10662,7.712082262,1.20375E+11,45260.133,NA,NA,NA,1299.481,9148.556,14365.135,82403.987
2022,Japan,13215,7010,7010,2798,0.324675325,23861203052,109833.187,NA,NA,NA,NA,NA,NA,NA
2022,World Intellectual Property Organization,9636,5502,5502,9636,NA,NA,NA,NA,NA,NA,NA,NA,NA,NA
2022,European Patent Office,9233,4283,4283,9233,NA,NA,NA,NA,NA,NA,NA,NA,NA,NA
2022,Taiwan,8711,5679,5679,5472,NA,NA,NA,NA,NA,NA,NA,NA,NA,NA
2022,Germany,2726,1444,1444,1920,-30.56910569,-1409508099,70608.094,NA,NA,NA,-201.914,2677.463,6075.085,21103.882
2022,France,572,351,351,26,-27.18808194,10640712452,54486.577,171.536,102.779,67.997,1139.973,2113.787,16596.63,11379.053
2022,Italy,50,34,34,50,-53.59116022,-1071886948,51174.601,NA,NA,NA,1477.916,1368.009,5261.298,10424.08
2022,Denmark,48,21,21,47,-24.59016393,-262219511.9,4944.501,NA,NA,NA,-243.94,-139.637,3026.368,4302.97
2022,Netherlands,38,13,13,25,-45,-239195076.5,14629.484,NA,NA,NA,NA,1321.275,NA,42137.372
2022,Finland,33,13,13,3,-32.43243243,242417502.1,4630.184,NA,NA,NA,226.102,-1459.67,1893.131,15252.773
2022,Hungary,19,10,10,18,-5.621301775,-6140325838,8032.702,NA,NA,NA,-85.021,166.357,5035.954,1771.701
2022,Austria,18,7,7,9,-50,-557231379.4,7601.773,46.05,18.33,24.733,535.282,437.48,2367.747,2982.082
2022,Czechia,14,5,5,0,-37.3015873,-4095475844,8832.092,57.701,11.806,45.896,399.757,NA,1936.487,1.958
2022,Lithuania,14,12,12,10,-12.55230126,-452426066,2402.387,NA,NA,NA,46.514,NA,330.742,10.957
2022,Luxembourg,9,6,6,5,-83.23699422,-15331470.13,530.955,NA,NA,NA,-16.826,31.549,0,164.249
2022,Croatia,7,4,4,7,35.94470046,-69102054,3264.252,NA,NA,NA,NA,NA,NA,NA
2022,Cyprus,7,6,6,7,78.74015748,-4903282.949,742.506,0,0,0,NA,NA,NA,NA
2022,Ireland,2,0,0,2,11.71171171,10977409591,4183.773,NA,NA,NA,5304.683,2908.494,110324.019,NA
2022,Bulgaria,1,1,1,1,-15.234375,-34159774.38,5532.2,NA,NA,NA,NA,NA,NA,NA
2022,Greece,1,1,1,0,2.409638554,-79204258.71,9050.16,7.718,4.093,3.625,51.713,0,351.193,21.053
2021,China,47464,34018,34018,32113,-38.75,-2.89535E+11,NA,NA,NA,NA,NA,NA,NA,NA
2021,USA,44128,30990,30990,35084,-62.65306122,24907179852,261445.155,673.669,476.813,196.856,26183,9973,191614,155300
2021,South Korea,18805,11965,11965,9552,6.582278481,1.28334E+11,45079.99,NA,NA,NA,510.96,7976.853,13812.571,67822.14
2021,Japan,13338,8373,8373,3963,-7.986111111,27037059874,109876.377,NA,NA,NA,NA,NA,NA,NA
2021,World Intellectual Property Organization,9805,5748,5748,9804,NA,NA,NA,NA,NA,NA,NA,NA,NA,NA
2021,European Patent Office,9205,6188,6188,9205,NA,NA,NA,NA,NA,NA,NA,NA,NA,NA
2021,Taiwan,8305,5705,5705,5474,NA,NA,NA,NA,NA,NA,NA,NA,NA,NA
2021,Germany,2926,2193,2193,2087,-34.02061856,1584791400,70014.781,NA,NA,NA,2094.371,368.969,4559.973,24761.581
2021,France,586,438,438,19,-25.69316081,6942528533,54194.991,153.836,82.637,69.832,931.883,-996.925,16973.61,8990.826
2021,Denmark,61,34,34,58,-18.09045226,-106956114.2,4897.62,NA,NA,NA,-168.731,57.887,3618.545,5390.477
2021,Italy,57,35,35,56,-53.73961219,-1233303085,51305.655,NA,NA,NA,406.436,1580.543,4228.787,8088.259
2021,Hungary,35,30,30,35,-9.627329193,-5677598263,8051.959,NA,NA,NA,987.335,-39.856,5564.829,1553.122
2021,Finland,24,8,8,3,-43.23308271,-639599889.7,4610.822,NA,NA,NA,-156.102,-2952.933,1446.37,15646.166
2021,Netherlands,23,15,15,3,-47.81704782,-2398405416,14469.092,NA,NA,NA,NA,-1401.963,NA,41474.57
2021,Austria,21,11,11,7,-55.52486188,-392610451.9,7527.806,35.379,19.564,15.815,322.848,217.597,2085.174,2209.763
2021,Croatia,15,10,10,15,41.28440367,-70536660,3279.128,NA,NA,NA,NA,NA,NA,NA
2021,Czechia,14,9,9,0,-41.75824176,-3809162586,8974.56,67.098,17.475,49.623,-744.97,-5.146,1609.317,NA
2021,Lithuania,10,6,6,8,13.87755102,-334343182,2365.396,NA,NA,NA,55.712,0.674,255.012,7.611
2021,Luxembourg,6,3,3,4,-49.46808511,-17491694.26,522.93,NA,NA,NA,-13.009,-55.582,0,143.844
2021,Cyprus,5,2,2,5,75.2,-4549051.049,731.289,0.174,0.12,0,NA,NA,NA,NA
2021,Belgium,4,4,4,2,-63.41463415,-1764525299,9502.312,NA,NA,NA,-81.599,3.548,858.534,2891.607
2021,Ireland,1,1,1,1,8.181818182,10842705828,4082.647,NA,NA,NA,NA,NA,NA,NA
2021,Latvia,1,0,0,0,-12.34042553,-132710124,1562.046,NA,NA,NA,-1.183,0,21.52,3.398
2021,Greece,1,1,1,0,2.362204724,-53833766.43,9065.354,3.931,2.527,1.404,88.193,-0.035,365.938,22.745
2020,USA,46209,18633,18633,35315,-73.90350877,25199976844,260329.008,709.55,496.789,211.791,18275,8183,168324,131974
2020,China,43908,28212,28212,30739,-40.07782101,-2.5246E+11,1141071.562,NA,NA,NA,NA,NA,NA,NA
2020,South Korea,17485,7976,7976,9714,1.62601626,96421885338,44785.035,NA,NA,NA,-403.235,5775.27,12563.275,59772.63
2020,Japan,12748,6193,6193,4343,-18.10699588,27276918648,110170.336,NA,NA,NA,NA,NA,NA,NA
2020,World Intellectual Property Organization,10228,6107,6107,10228,NA,NA,NA,NA,NA,NA,NA,NA,NA,NA
2020,European Patent Office,9958,4481,4481,9958,NA,NA,NA,NA,NA,NA,NA,NA,NA,NA
2020,Taiwan,7944,4773,4773,5302,NA,NA,20231,NA,NA,NA,NA,NA,NA,NA
2020,Germany,2507,1443,1443,1638,-59.44333996,1560270723,71392.791,NA,NA,NA,-582.336,4777.208,5562.646,18964.29
2020,France,524,321,321,12,-39.02439024,7562750661,53811.05,155.269,101.15,53.187,290.598,396.581,13762.425,11000.123
2020,Italy,59,36,36,56,-62.75071633,-734674379.2,51473.716,133.324,36.841,95.598,425.436,-320.891,2813.022,6606.338
2020,Denmark,57,21,21,52,-34.83870968,-52893906.54,4873.98,NA,NA,NA,NA,-60.532,4283.049,5578.942
2020,Hungary,36,19,19,33,-7.255520505,-5302792179,8095.734,NA,NA,NA,343.671,-66.751,4736.135,1665.387
2020,Finland,27,15,15,5,-37.19298246,-247064809.7,4646.597,NA,NA,NA,-462.678,-401.14,3331.697,20141.122
2020,Austria,19,5,5,6,-51.74418605,-123389204.9,7490.588,31.323,15.357,15.966,296.296,-262.108,1947.478,1997.791
2020,Czechia,17,11,11,1,-33.79888268,-4326809866,8984.558,64.544,15.098,49.446,689.113,5.532,3131.253,NA
2020,Netherlands,15,5,5,8,-52.53863135,-3729069862,14466.341,NA,NA,NA,-597.151,-1947.92,1.473,43069.213
2020,Luxembourg,14,8,8,11,-37.2972973,-9981790.649,515.78,NA,NA,NA,-64.957,28.49,0,218.432
2020,Lithuania,11,5,5,7,9.459459459,-133705424,2370.23,NA,NA,NA,26.006,0.843,202.356,7.756
2020,Croatia,9,3,3,9,30.76923077,-43694092,3306.873,NA,NA,NA,NA,NA,NA,NA
2020,Cyprus,5,4,4,5,63,-4149022.397,720.378,0,0,0,NA,NA,NA,NA
2020,Belgium,2,2,2,0,-74.13793103,-1414126133,9446.817,NA,NA,NA,-270.085,-222.222,1189.103,3035.955
2020,Greece,1,1,1,0,2.803738318,-35742855.93,8425.903,2.154,0.622,1.533,18.539,1.07,271.486,22.83
2019,USA,44211,2,2,33857,-81.79775281,15654933094,259175.018,723.728,476.745,246.508,16992,15218,150910,125732
2019,China,38977,18388,18388,26962,-48.09885932,-2.38551E+11,NA,NA,NA,NA,NA,NA,NA,NA
2019,South Korea,16716,1625,1625,8262,-0.549450549,97009089370,44503.684,612.173,406.348,203.061,666.132,6052.749,11072.779,53765.907
2019,Japan,12656,3431,3431,4813,-17.07317073,25903124474,110270.564,NA,NA,NA,NA,NA,NA,NA
2019,European Patent Office,9793,2178,2178,9793,NA,NA,NA,NA,NA,NA,NA,NA,NA,NA
2019,World Intellectual Property Organization,9610,3929,3929,9610,NA,NA,NA,NA,NA,NA,NA,NA,NA,NA
2019,Taiwan,8198,2083,2083,5930,NA,NA,20188,NA,NA,NA,NA,NA,NA,NA
2019,Germany,2441,813,813,1577,-56.4727955,-819756253.9,70645.931,NA,NA,NA,-3001.231,-317.922,1993.934,17860.031
2019,France,629,172,172,50,-30.51181102,8032773364,53599.662,153.298,88.614,61.981,227.247,5118.101,13320.602,9576.5
2019,Italy,60,17,17,43,-62.16216216,-43690987.8,51534.652,137.169,33.385,102.349,120.577,784.66,2998.899,7708.009
2019,Denmark,57,8,8,53,-28.125,227220.084,4857.209,NA,NA,NA,NA,NA,3044.234,5620.366
2019,Netherlands,49,16,16,25,-38.62660944,-4319793310,14350.788,NA,NA,NA,NA,NA,1057.066,42063.806
2019,Austria,32,9,9,9,-42.85714286,-2180590.843,7449.377,32.1,15.685,16.415,246.278,669.428,1503.033,3440.8
2019,Finland,26,1,1,3,-26.50176678,-937798682.8,4633.028,NA,NA,NA,-528.378,19.031,2649.966,21644.574
2019,Hungary,21,4,4,18,-21.65605096,-5785829243,8111.757,NA,NA,NA,1302.634,638.389,4876.439,2476.393
2019,Czechia,19,10,10,1,-41.5954416,-3593484746,8963.466,68.44,13.347,55.093,-404.951,-8.216,2291.502,2.819
2019,Croatia,12,2,2,12,24.37810945,-27757858,3335.776,NA,NA,NA,NA,NA,NA,NA
2019,Lithuania,12,2,2,10,12.34042553,-105264772,2368.277,NA,NA,NA,15.56,0.28,162.525,5.987
2019,Ireland,8,0,0,8,1.102941176,12452872411,3919.345,NA,NA,NA,NA,NA,NA,NA
2019,Luxembourg,4,1,1,3,-46.82080925,-16515424.37,505.247,NA,NA,NA,-10.075,273.145,0,5126.938
2019,Greece,2,1,1,0,24.10714286,-46347545.68,8300.484,3.062,1.154,1.669,-14.944,-0.842,247.348,28.717
2019,Cyprus,2,1,1,2,68.31683168,-3498922.855,711.848,0.236,0.236,NA,NA,NA,NA,NA
2018,USA,40160,930,930,30293,-67.21649485,7978770154,257790.624,751.682,506.996,242.635,10083,12103,115449,122911
2018,China,34597,17910,17910,24639,-33.45259392,-2.82152E+11,NA,NA,NA,NA,NA,NA,NA,NA
2018,South Korea,14888,2090,2090,3841,2.798982188,1.58586E+11,44182.098,NA,NA,NA,588.543,8833.398,11285.438,49832.457
2018,Japan,12966,4530,4530,4536,-21.28514056,24441296882,110344.425,NA,NA,NA,NA,NA,NA,NA
2018,European Patent Office,9315,2746,2746,9315,NA,NA,NA,NA,NA,NA,NA,NA,NA,NA
2018,World Intellectual Property Organization,8561,2835,2835,8561,NA,NA,NA,NA,NA,NA,NA,NA,NA,NA
2018,Taiwan,8052,2878,2878,6233,NA,NA,20130,NA,NA,NA,NA,NA,NA,NA
2018,Germany,2312,967,967,1322,-77.72925764,-2710420396,70803.159,NA,NA,NA,2105.512,-304.497,2600.183,17302.496
2018,France,729,265,265,52,-38.36477987,7642722088,53395.354,150.935,86.875,61.108,723.475,-1503.6,11243.417,7068.926
2018,Italy,75,23,23,74,-54.67836257,-215023415.9,51567.553,118.323,23.221,94.17,895.885,1528.771,2978.138,7511.897
2018,Netherlands,47,19,19,28,-39.62655602,-3265753377,14232.472,NA,NA,NA,NA,NA,1786.123,19017.174
2018,Denmark,45,7,7,41,-25.15923567,33426114.26,4829.543,NA,NA,NA,-16.948,124.178,356.321,1813.971
2018,Austria,29,5,5,5,-41.89944134,-189900480.6,7414.809,31.547,16.07,15.478,84.976,217.16,1549.118,1535.379
2018,Hungary,19,8,8,16,-17.49174917,-5152092289,8124.229,NA,NA,NA,406.406,-103.409,3684.491,1932.561
2018,Finland,17,4,4,0,-24.73867596,-559210822,4613.76,NA,NA,NA,-443.763,2715.685,2487.978,22128.463
2018,Belgium,12,2,2,2,-57.41324921,336324541.4,9330.35,NA,NA,NA,0,NA,632.013,1032.746
2018,Lithuania,8,1,1,6,11.57407407,-118735444,2379.852,NA,NA,NA,10.669,0.744,126.551,6.87
2018,Croatia,7,2,2,7,32.87037037,-40892522,3366.326,NA,NA,NA,NA,NA,NA,NA
2018,Luxembourg,5,3,3,1,-75.30864198,-16747468.29,495.042,NA,NA,NA,3.541,-81.435,0,4631.326
2018,Czechia,4,0,0,0,-52.69461078,-5267170098,8941.819,72.784,17.954,54.749,260.898,13.144,2614.854,6.689
2018,Greece,4,2,2,0,21.64502165,-50867894.16,8322.842,3.069,1.672,1.213,-0.365,-1.561,81.949,29.27
2018,Cyprus,2,0,0,2,66.66666667,-5689808.033,701.158,0,0,NA,NA,NA,NA,NA
2017,USA,41212,4128,4128,30914,-75.0533049,10609002706,255079.019,763.179,515.666,247.28,13332,27956,106636,144946
2017,China,30419,16539,16539,20208,-24.31034483,-2.4283E+11,NA,NA,NA,NA,NA,NA,NA,NA
2017,Japan,15671,6315,6315,4598,-13.2231405,23154372446,110346.219,NA,NA,NA,NA,NA,NA,NA
2017,South Korea,12513,2765,2765,3351,2.659574468,1.17589E+11,43930.466,NA,NA,NA,890.834,7179.891,10830.078,45953.183
2017,Taiwan,9081,3951,3951,6783,NA,NA,20049,NA,NA,NA,NA,NA,NA,NA
2017,European Patent Office,8674,2836,2836,8674,NA,NA,NA,NA,NA,NA,NA,NA,NA,NA
2017,World Intellectual Property Organization,7792,3114,3114,7792,NA,NA,NA,NA,NA,NA,NA,NA,NA,NA
2017,Germany,2346,1135,1135,1284,-82.83062645,-1869688839,70707.239,NA,NA,NA,-2875.662,-4693.947,2971.936,15313.025
2017,France,650,245,245,37,-29.83870968,6339268697,53177.65,157.38,88.031,67.93,-11900.575,-10667.343,20669.225,9427.92
2017,Italy,59,28,28,59,-55.81395349,-308304779.9,52052.52,117.421,26.964,88.482,212.707,1624.944,2263.037,6112.769
2017,Netherlands,45,30,30,19,-31.35245902,-2388306375,14125.662,NA,NA,NA,NA,NA,2534.541,22414.128
2017,Denmark,34,15,15,27,-37.62711864,18461766.82,4798.194,NA,NA,NA,-39.989,41.655,276.914,1819.031
2017,Austria,20,6,6,4,-30.8988764,-60501381.45,7387.287,32.56,17.604,14.956,120.618,214.181,1441.593,1186.136
2017,Belgium,15,7,7,8,-70.39473684,106851319.3,9271.544,NA,NA,NA,NA,4.509,1148.957,833.533
2017,Hungary,13,6,6,9,-28.47457627,-4554459802,8197.566,NA,NA,NA,733.498,699.324,3861.069,1848.924
2017,Finland,12,4,4,3,-17.90540541,-113248614.3,4599.508,NA,NA,NA,1143.05,-2758.426,7697.29,25244.663
2017,Luxembourg,7,5,5,4,25,-55294015.21,485.096,NA,NA,NA,-5.636,-972.833,0,5187.095
2017,Cyprus,6,2,2,6,79.16666667,-4996884.082,692.464,0.292,0.292,NA,NA,NA,NA,NA
2017,Greece,5,5,5,0,29.46428571,-34542737.56,9176.923,3.763,2.607,1.156,4.593,-0.645,38.988,30.66
2017,Lithuania,4,0,0,4,-1.449275362,-101201406,2405.739,NA,NA,NA,8.274,0.169,25.246,2.279
2017,Croatia,3,0,0,3,29.94923858,-38938668,3409.823,NA,NA,NA,NA,NA,NA,NA
2017,Czechia,1,1,1,1,-44.32132964,-4620701106,8929.154,68.373,16.905,51.437,14.846,1.168,2362.394,-2.391
2016,USA,41282,19362,19362,30980,-75.54112554,8300252304,253537.628,830.607,542.866,287.062,21622,11774,95082,94305
2016,China,24879,14777,14777,15796,-35.5475763,-2.02405E+11,NA,NA,NA,NA,NA,NA,NA,NA
2016,South Korea,13448,7227,7227,3344,8.333333333,59116261382,43605.744,NA,NA,NA,-137,4690.752,9075.338,36114.661
2016,Japan,12784,6024,6024,4330,-8.59375,20111254150,110068.274,NA,NA,NA,NA,NA,NA,NA
2016,Taiwan,9056,4646,4646,6914,NA,NA,19962,NA,NA,NA,NA,NA,NA,NA
2016,European Patent Office,8010,3136,3136,8010,NA,NA,NA,NA,NA,NA,NA,NA,NA,NA
2016,World Intellectual Property Organization,7973,3549,3549,7973,NA,NA,NA,NA,NA,NA,NA,NA,NA,NA
2016,Germany,2110,1113,1113,1126,-82.8375286,-1654690514,70575.032,NA,NA,NA,-1252.903,-2062.369,3862.127,13890.587
2016,France,616,277,277,42,-24.53183521,5768965806,52841.91,174.334,101.731,72.603,14335.95,6271.149,22653.104,21156.319
2016,Netherlands,52,34,34,16,-34.49023861,770879585.7,13989.674,NA,NA,NA,NA,NA,1413.513,30859.703
2016,Denmark,34,8,8,28,-43.125,44413526.88,4762.351,NA,NA,NA,5.051,144.114,175.391,1761.712
2016,Belgium,22,13,13,9,-76.57342657,-298473657.9,9369.289,NA,NA,NA,-27.646,0,933.91,621.904
2016,Austria,19,8,8,2,-36.99421965,71277366.29,7353.313,32.314,17.446,14.869,245.494,-450.072,1005.587,606.093
2016,Finland,17,4,4,0,-26.92307692,-277993473,4581.065,NA,NA,NA,704.412,19469.203,2529.778,23315.063
2016,Hungary,10,6,6,9,-35.01805054,-3929486938,8234.374,NA,NA,NA,327.819,168.697,2638.337,1018.279
2016,Cyprus,6,0,0,6,81.25,-5238376.387,680.824,0,0,NA,NA,NA,NA,NA
2016,Luxembourg,4,3,3,4,-78.18181818,-79863098,471.882,NA,NA,NA,0,363.817,0,6248.551
2016,Croatia,4,1,1,4,34.44976077,-32691268,3459.815,NA,NA,NA,NA,NA,NA,NA
2016,Italy,3,2,2,2,-50.29411765,-292884863.2,52058.445,124.387,31.731,90.503,-501.515,682.278,2010.099,4024.314
2016,Ireland,2,2,2,2,-20.92050209,11541059050,3742.42,NA,NA,NA,NA,NA,NA,NA
2016,Czechia,2,0,0,0,-51.96629213,-2210013042,8928.693,70.662,14.694,55.969,NA,3.606,2085.073,-3.416
2016,Lithuania,2,2,2,2,10.55045872,-84713940,2449.07,NA,NA,NA,1.493,0.464,14.82,1.634
2016,Greece,2,1,1,0,30.56768559,-58946421,9212.817,3.737,2.637,1.1,17.52,-0.633,30.535,26.947
2015,USA,40683,21033,21033,30039,-91.43518519,11141440284,250800.715,818.008,518.283,299.407,3206,6440,54743,97641
2015,China,19450,12365,12365,16845,-37.16981132,-2.06128E+11,NA,NA,NA,NA,NA,NA,NA,NA
2015,Japan,13891,7222,7222,4838,-12.74900398,20469717772,109943.612,NA,NA,NA,NA,NA,NA,NA
2015,South Korea,13839,8415,8415,2780,9.016393443,56608050992,43239.308,NA,NA,NA,-235.247,2627.37,9410.562,31999.145
2015,Taiwan,8623,4973,4973,6611,NA,NA,19842,NA,NA,NA,NA,NA,NA,NA
2015,European Patent Office,8052,3595,3595,8052,NA,NA,NA,NA,NA,NA,NA,NA,NA,NA
2015,World Intellectual Property Organization,7635,3901,3901,7635,NA,NA,NA,NA,NA,NA,NA,NA,NA,NA
2015,Germany,2167,1237,1237,1103,-77.25321888,-1323845217,70063.92,NA,NA,NA,-1657.238,5398.78,2573.762,12375.612
2015,France,506,220,220,34,-20.14925373,5358018992,52578.446,162.563,90.009,72.15,797.56,-1602.884,9792.052,15567.774
2015,Italy,37,12,12,36,-51.75438596,-118692800.7,52070.217,130.818,31.16,96.013,-186.952,238.562,1800.725,3978.266
2015,Denmark,22,3,3,20,-56.99658703,50967377,4714.041,NA,NA,NA,-139.323,16.653,77.452,1530.161
2015,Netherlands,21,1,1,19,-23.02452316,2010082663,13874.11,NA,NA,NA,NA,NA,1260.425,NA
2015,Austria,21,8,8,4,-57.01492537,236135635.5,7266.946,32.248,18.032,14.216,-33.278,360.51,916.712,1054.981
2015,Finland,16,6,6,5,-29.78723404,-174214824,4560.779,NA,NA,NA,-2863.006,-11465.336,579.205,4339.684
2015,Greece,8,7,7,0,32.8358209,-48157479,9246.546,3.589,1.504,1.569,1.452,-0.752,26.23,32.033
2015,Cyprus,5,2,2,5,79.12087912,-862739.547,675.796,0.262,0.157,0,NA,NA,NA,NA
2015,Belgium,5,4,4,4,-70.54794521,-545340005.8,9329.43,NA,NA,NA,18.857,8.874,1057.158,690.256
2015,Lithuania,4,0,0,0,-2.97029703,-65305370,2483.046,NA,NA,NA,-2.851,0.144,9.222,0.544
2015,Croatia,2,1,1,1,44.54976303,-37233044,3501.539,NA,NA,NA,NA,NA,NA,NA
2014,USA,38590,23045,23045,27015,-102.3866348,12116766322,247946.622,886.185,570.636,315.441,13072,10252,47454,88940
2014,China,18157,11895,11895,17837,-28.67256637,-2.00668E+11,NA,NA,NA,NA,NA,NA,NA,NA
2014,South Korea,16740,9924,9924,4000,8.854166667,53686097290,42795.093,NA,NA,NA,-3147.0801,2567.4829,8207.0596,29287.143
2014,Japan,15195,8570,8570,4796,-17.62295082,24158152275,109926.569,NA,NA,NA,NA,NA,NA,NA
2014,World Intellectual Property Organization,8569,4665,4665,8569,NA,NA,NA,NA,NA,NA,NA,NA,NA,NA
2014,European Patent Office,8202,3966,3966,8202,NA,NA,NA,NA,NA,NA,NA,NA,NA,NA
2014,Taiwan,8143,4837,4837,6217,NA,NA,19706,NA,NA,NA,NA,NA,NA,NA
2014,Germany,2205,1273,1273,1048,-74.58677686,251690314.6,69487.258,NA,NA,NA,-2563.354,440.494,3571.882,12687.345
2014,France,571,267,267,67,-20.86466165,5831025616,52401.367,151.65,77.819,73.831,910.176,5.307,9544.04,18389.973
2014,Italy,107,56,56,103,-60.36585366,130281693,52009.102,127.427,26.984,98.242,-333.75101,381.263,2079.4561,3662.2859
2014,Netherlands,32,3,3,32,-34.85477178,697560951.1,13815.312,NA,NA,NA,-2.654,1462.12,12592.645,42730.25
2014,Austria,25,9,9,12,-39.56639566,69224755.08,7199.976,30.736,13.992,16.743,314.449,84.914,1016.202,972.494
2014,Denmark,25,11,11,20,-57.03971119,84525605,4672.201,NA,NA,NA,-66.207001,-46.452,233.60699,1181.266
2014,Finland,21,9,9,8,-22.8668942,-333627931,4548.66,NA,NA,NA,1881.385,220.247,9025.619,16029.762
2014,Greece,10,7,7,0,38.34196891,-74889286,9282.11,1.599,0.558,0.922,52.275002,6.5009999,26.009001,35.722
2014,Czechia,5,0,0,0,-46.0916442,-3710703850,8932.592,71.026,15.481,55.545,243.283,8.0410004,1995.297,NA
2014,Croatia,4,0,0,3,33.82352941,-36399438,3536.731,NA,NA,NA,NA,NA,NA,NA
2014,Cyprus,4,1,1,4,76.13636364,-9966882.141,678.109,0.383,0.26,0,NA,NA,NA,NA
2014,Belgium,4,2,2,0,-71.73144876,-697374951,9282.804,NA,NA,NA,-18.575,NA,1109.687,794.021
2014,Lithuania,2,0,0,0,-2.43902439,-85612624,2506.519,NA,NA,NA,1.977,0.066,5.901,0.19400001
2014,Luxembourg,1,1,1,0,-73.05389222,-70325452,443.532,NA,NA,NA,-3.98,7786.918,0,11020.386
2013,USA,34186,22192,22192,23820,-87.89237668,12616151668,245679.195,894.568,588.998,305.17,-3321,5534,38998,88448
2013,Japan,15833,9525,9525,5393,-8.494208494,25120924237,110039.119,NA,NA,NA,NA,NA,NA,NA
2013,South Korea,15549,10144,10144,3320,9.736842105,47889157788,42303.791,NA,NA,NA,34.717999,7246.1152,11314.317,32193.387
2013,China,11862,7355,7355,11862,-20.7079646,-1.5935E+11,NA,NA,NA,NA,NA,NA,NA,NA
2013,World Intellectual Property Organization,8912,5005,5005,8912,NA,NA,NA,NA,NA,NA,NA,NA,NA,NA
2013,European Patent Office,7592,4012,4012,7592,NA,NA,NA,NA,NA,NA,NA,NA,NA,NA
2013,Taiwan,7306,4616,4616,5565,NA,NA,19586,NA,NA,NA,NA,NA,NA,NA
2013,Germany,2277,1312,1312,1144,-85.68421053,209537834.4,69074.824,NA,NA,NA,2368.4651,151.131,4626.9482,13203.696
2013,France,638,311,311,65,-32.02357564,5522745366,50720.867,154.688,50.428,75.123,-881.455,-4262.578,9880.017,18972.556
2013,Italy,210,125,125,144,-52.14723926,622633784,51767.86,131.74,23.479,108.26,-104.163,-140.10899,3800.981,4526.3701
2013,Netherlands,40,2,2,39,-36.52173913,616523248.4,13752.678,NA,NA,NA,446.03699,807.11499,12227.279,34053.234
2013,Denmark,25,6,6,25,-53.60824742,-98331272,4634.484,NA,NA,NA,-75.295998,-95.055,170.71001,1047.536
2013,Austria,19,12,12,0,-44.91525424,579752865.8,7137.706,30.373,7.777,22.596,-204.434,74.34,897.807,1017.791
2013,Greece,11,7,7,0,37.5,-62492045,9309.518,1.492,0.731,0.659,29.205,-3.9820001,28.275,40.577
2013,Finland,10,5,5,0,-23.74100719,-317372253,4524.682,NA,NA,NA,104.872,2064.251,4189.767,28147.842
2013,Belgium,5,3,3,0,-73.1292517,-278718709.4,9236.747,NA,NA,NA,-34.515,126.112,NA,NA
2013,Czechia,3,1,1,2,-55.52407932,-2662530186,8951.469,71.867,4.302,57.778,-26.402,-0.93300003,1898.483,NA
2013,Luxembourg,3,2,2,0,-67.61363636,-58640106,432.885,NA,NA,NA,-7.9650002,-83.632004,0,3886.3611
2013,Croatia,2,1,1,2,37.93103448,-38494492,3562.073,NA,NA,NA,NA,NA,NA,NA
2013,Hungary,2,0,0,2,-24.72324723,-3124897006,8305.436,NA,NA,NA,-58.207,89.222,2716.522,871.216
2013,Bulgaria,1,1,1,0,-7.582938389,29416462,6254.49,NA,NA,NA,NA,NA,NA,NA
2013,Cyprus,1,1,1,1,85.10638298,-2559373.7,685.571,0.524,0,0.352,NA,NA,NA,NA
2012,USA,30710,21610,21610,21298,-94.55782313,14723529678,243284.34,877.142,592.82,284.029,850,9798,43253,84125
2012,South Korea,15456,10323,10323,3188,8.638743455,39938417508,41856.724,NA,NA,NA,NA,NA,NA,NA
2012,Japan,13705,8609,8609,5537,-19.91150442,27500711341,110164.332,NA,NA,NA,NA,NA,NA,NA
2012,China,12109,8189,8189,11924,-27.9296875,-1.90308E+11,NA,NA,NA,NA,NA,NA,NA,NA
2012,World Intellectual Property Organization,9221,5645,5645,9221,NA,NA,NA,NA,NA,NA,NA,NA,NA,NA
2012,European Patent Office,7501,4315,4315,7501,NA,NA,NA,NA,NA,NA,NA,NA,NA,NA
2012,Taiwan,6326,4173,4173,5046,NA,NA,19436,NA,NA,NA,NA,NA,NA,NA
2012,Germany,2247,1469,1469,938,-82.15859031,303004090.3,68821.66,NA,NA,NA,NA,NA,NA,NA
2012,France,560,302,302,57,-27.32447818,4812650077,50810.725,157.19,56.605,74.844,2065.553,-1856.041,8846.9658,24135.885
2012,Austria,324,241,241,307,-43.73177843,608102937.9,7087.43,26.84,7.02,19.82,2.5710001,-32.133999,901.05499,968.33801
2012,Italy,167,103,103,117,-49.375,393476775,51457.268,137.983,23.463,114.521,NA,NA,NA,NA
2012,Netherlands,35,2,2,24,-34.7826087,1473066929,13631.52,NA,NA,NA,NA,NA,NA,NA
2012,Denmark,23,7,7,22,-47.81021898,-153151921,4603.473,NA,NA,NA,NA,NA,NA,NA
2012,Finland,23,9,9,0,-18.88111888,-285541124,4503.911,NA,NA,NA,NA,NA,NA,NA
2012,Greece,14,11,11,0,38.02083333,-71608914,9344.791,1.737,0.326,1.411,NA,NA,NA,NA
2012,Belgium,8,6,6,2,-53.53535354,-279130606.5,9188.75,NA,NA,NA,NA,NA,NA,NA
2012,Croatia,3,1,1,3,48.4375,-28260568,3580.648,NA,NA,NA,NA,NA,NA,NA
2012,Czechia,2,1,1,0,-51.53203343,-2698421482,8964.594,71.902,4.242,58.937,NA,NA,NA,NA
2012,Cyprus,2,1,1,2,91.30434783,-3641335,688.571,0.338,0.15,0.188,NA,NA,NA,NA
2012,Hungary,2,1,1,0,-28.26086957,-3142605520,8324.397,NA,NA,NA,-39.705,549.536,2807.678,1183.007
2012,Luxembourg,1,1,1,1,-71.15384615,-57796168,425.461,NA,NA,NA,NA,NA,0,4072.5591
2012,Ireland,1,1,1,1,-13.58490566,1944228856,3608.272,NA,NA,NA,-61.696999,0,6612.1372,0
2012,Bulgaria,1,1,1,1,-11.05769231,9762922,6300.634,NA,NA,NA,NA,NA,NA,NA
2011,USA,29762,21110,21110,23221,-87.04103672,16713382024,239617.555,872.391,558.501,312.785,3385,6779,52598,75170
2011,South Korea,14009,9665,9665,2995,5.113636364,31313308300,41387.067,NA,NA,NA,NA,NA,NA,NA
2011,Japan,11254,7223,7223,5141,-17.67241379,27696003810,107132.567,NA,NA,NA,NA,NA,NA,NA
2011,China,9115,6196,6196,8156,-18.79844961,-2.01193E+11,NA,NA,NA,NA,NA,NA,NA,NA
2011,World Intellectual Property Organization,8343,5416,5416,8343,NA,NA,NA,NA,NA,NA,NA,NA,NA,NA
2011,European Patent Office,7170,4224,4224,7170,NA,NA,NA,NA,NA,NA,NA,NA,NA,NA
2011,Taiwan,4834,3270,3270,3814,NA,NA,19252,NA,NA,NA,NA,NA,NA,NA
2011,Germany,2352,1492,1492,1110,-78.96174863,-3269781884,68475.597,NA,NA,NA,NA,NA,NA,NA
2011,Austria,765,556,556,728,-43.75,742193420,7044.39,27.396,6.384,21.013,NA,NA,NA,NA
2011,France,460,276,276,43,-21.00192678,5912680725,50571.157,176.725,61.125,88.519,199.164,-4348.189,8233.1611,25172.279
2011,Italy,98,59,59,94,-50.93167702,-128020830,51221.065,138.068,28.027,109.848,NA,NA,NA,NA
2011,Finland,33,17,17,1,-32.44444444,-425954175,4476.229,NA,NA,NA,NA,NA,NA,NA
2011,Denmark,29,13,13,29,-39.3220339,-239772524,4573.594,NA,NA,NA,NA,NA,NA,NA
2011,Netherlands,28,4,4,10,-28.24267782,2004334893,13520.801,NA,NA,NA,NA,NA,NA,NA
2011,Greece,15,13,13,0,41.53846154,-82239868,9372.839,2.624,0.676,1.518,NA,NA,NA,NA
2011,Ireland,3,2,2,1,-7.874015748,2038461904,3600.249,NA,NA,NA,NA,NA,NA,NA
2011,Hungary,2,2,2,1,-28.1124498,-4597812000,8337.048,NA,NA,NA,637.96,167.926,2812.475,738.175
2011,Cyprus,2,2,2,2,93.18181818,-3099877,678.049,0.168,0.114,0,NA,NA,NA,NA
2011,Czechia,2,1,1,1,-63.12684366,-2251992688,8964.711,66.19,2.651,54.892,NA,NA,NA,NA
2011,Croatia,1,0,0,1,36.81818182,-40160892,3631.251,NA,NA,NA,NA,NA,NA,NA
2011,Belgium,1,1,1,0,-45.56962025,-354096287.4,9128.002,NA,NA,NA,NA,NA,NA,NA
2010,USA,28537,20412,20412,22484,-74.73903967,32246206744,237829.534,867.397,528.972,337.915,NA,NA,NA,NA
2010,South Korea,11518,8181,8181,2603,4.043126685,30994933846,40824.526,NA,NA,NA,NA,NA,NA,NA
2010,Japan,9926,6621,6621,4414,-24.3697479,28856736062,109544.25,NA,NA,NA,NA,NA,NA,NA
2010,China,7816,5375,5375,7814,-12.23300971,-1.88819E+11,1038171.24,NA,NA,NA,NA,NA,NA,NA
2010,World Intellectual Property Organization,7185,4810,4810,7185,NA,NA,NA,NA,NA,NA,NA,NA,NA,NA
2010,European Patent Office,6012,3570,3570,6012,NA,NA,NA,NA,NA,NA,NA,NA,NA,NA
2010,Taiwan,4086,2947,2947,3063,NA,NA,19062,NA,NA,NA,NA,NA,NA,NA
2010,Germany,2807,1812,1812,1494,-79.85257985,-3664669191,68463.583,NA,NA,NA,NA,NA,NA,NA
2010,Austria,465,328,328,437,-42.61363636,221137383,7010.225,NA,NA,NA,NA,NA,NA,NA
2010,France,357,183,183,33,-31.69642857,4265928300,50343.593,150.929,52.182,72.666,83.444,-1084.7679,9107.4287,30630.68
2010,Italy,92,51,51,92,-40.78549849,-503945778,50995.785,NA,NA,NA,NA,NA,NA,NA
2010,Finland,39,23,23,3,-12.76595745,-436204259,4458.362,NA,NA,NA,NA,NA,NA,NA
2010,Denmark,15,1,1,14,-27.92207792,-269471163,4543.344,NA,NA,NA,NA,NA,NA,NA
2010,Netherlands,13,5,5,4,-42.85714286,2640166299,13454.446,NA,NA,NA,NA,NA,NA,NA
2010,Czechia,7,5,5,5,-51.21212121,-2379979762,9015.402,59.623,2.007,51.066,NA,NA,NA,NA
2010,Lithuania,3,0,0,0,35.57692308,-57841762,2671.939,NA,NA,NA,-2.556,NA,8.9659996,3.688
2010,Ireland,3,2,2,3,-28.125,2329454808,3598.794,NA,NA,NA,NA,NA,NA,NA
2010,Hungary,2,2,2,0,-34.24124514,-5395840000,8346.264,NA,NA,NA,38.232,7.805,2609.373,672.623
2010,Cyprus,2,1,1,2,91.66666667,-4309086,656.012,NA,NA,NA,NA,NA,NA,NA
2010,Greece,2,1,1,1,34.55497382,-159042527,9399.4,3.96,1.662,1.593,NA,NA,NA,NA
2010,Estonia,1,1,1,0,37.38738739,-347754187,1127.111,NA,NA,NA,38.612999,NA,117.181,0.56900001
2010,Croatia,1,1,1,1,48.8372093,-37873882,3636.912,NA,NA,NA,NA,NA,NA,NA
2010,Belgium,1,1,1,0,-57.43243243,-368936992,9052.333,NA,NA,NA,NA,NA,NA,NA
2009,USA,23974,17489,17489,19450,-82.85077951,27353221158,235800.847,879.056,566.507,312.283,NA,NA,NA,NA
2009,South Korea,10047,7017,7017,2175,-2.639296188,8972170748,40301.263,NA,NA,NA,NA,NA,NA,NA
2009,Japan,9373,6333,6333,4418,-37.6744186,22266327126,109566.981,NA,NA,NA,NA,NA,NA,NA
2009,China,8946,6018,6018,8101,-9.803921569,-1.41869E+11,NA,NA,NA,NA,NA,NA,NA,NA
2009,World Intellectual Property Organization,6529,4483,4483,6513,NA,NA,NA,NA,NA,NA,NA,NA,NA,NA
2009,European Patent Office,5390,3261,3261,5390,NA,NA,NA,NA,NA,NA,NA,NA,NA,NA
2009,Taiwan,4244,3043,3043,3347,NA,NA,18854,NA,NA,NA,NA,NA,NA,NA
2009,Germany,2842,1801,1801,1641,-61.82902584,-586097695.9,70104.127,NA,NA,NA,NA,NA,NA,NA
2009,Austria,373,259,259,347,-42.32954545,126583134,6979.839,NA,NA,NA,NA,NA,NA,NA
2009,France,310,179,179,271,-35.62653563,2581612295,50073.572,170.833,57.784,80.625,-777.99402,939.15002,6670.5088,30917.734
2009,Italy,49,25,25,49,-55.66343042,-109425758.4,50756.222,NA,NA,NA,NA,NA,NA,NA
2009,Finland,32,14,14,5,-19.04761905,-862080941,4427.423,NA,NA,NA,NA,NA,NA,NA
2009,Denmark,21,6,6,21,-34.65703971,-211618331,4511.425,NA,NA,NA,NA,NA,NA,NA
2009,Netherlands,12,7,7,3,-43.65482234,2975899108,13389.668,NA,NA,NA,NA,NA,NA,NA
2009,Greece,4,1,1,4,34.17085427,-180573870,9431.113,4.799,2.076,2.425,NA,NA,NA,NA
2009,Czechia,4,4,4,4,-30.50847458,-2052928904,9009.349,58.185,0.85,50.063,NA,NA,NA,NA
2009,Belgium,3,1,1,1,-33.61823362,-389654454,8977.076,NA,NA,NA,NA,NA,NA,NA
2009,Cyprus,2,2,2,2,88.65979381,-6314137,634.943,0.109,0.109,NA,NA,NA,NA,NA
2009,Hungary,1,1,1,0,-40.08438819,-4975030000,8355.346,NA,NA,NA,-107.197,267.73,2355.023,694.529
2009,Lithuania,1,0,0,0,40.54054054,-38173080,2702.181,NA,NA,NA,-0.583,NA,35.743999,43.942001
2008,USA,22446,16195,16195,18165,-66.873706,42472475112,233788.014,1011.027,632.277,377.886,NA,NA,NA,NA
2008,South Korea,11819,8084,8084,2761,0,1621635886,39775.417,NA,NA,NA,NA,NA,NA,NA
2008,Japan,9119,6288,6288,4552,-27.5,25577149671,109498.613,NA,NA,NA,NA,NA,NA,NA
2008,China,6841,3823,3823,6105,-19.73392461,-1.56333E+11,NA,NA,NA,NA,NA,NA,NA,NA
2008,World Intellectual Property Organization,6123,4209,4209,6123,NA,NA,NA,NA,NA,NA,NA,NA,NA,NA
2008,European Patent Office,5425,3403,3403,5425,NA,NA,NA,NA,NA,NA,NA,NA,NA,NA
2008,Taiwan,4083,3000,3000,3042,NA,NA,18623,NA,NA,NA,NA,NA,NA,NA
2008,Germany,3235,2110,2110,2064,-96.25,706921001.5,70457.083,NA,NA,NA,NA,NA,NA,NA
2008,Austria,409,282,282,389,-36.33802817,643485447,6944.374,NA,NA,NA,NA,NA,NA,NA
2008,France,311,199,199,308,-32.15962441,3410589310,49849.078,205.167,65.709,99.833,1023.392,2134.5029,8081.5981,10942.932
2008,Italy,45,34,34,45,-50.81433225,-437099493.8,50415.202,NA,NA,NA,NA,NA,NA,NA
2008,Finland,25,20,20,4,-9.79020979,-1243961818,4396.741,NA,NA,NA,NA,NA,NA,NA
2008,Denmark,20,12,12,20,-13.18327974,-339399602,4476.502,NA,NA,NA,NA,NA,NA,NA
2008,Netherlands,16,9,9,13,-44.73007712,5374973872,13314.988,NA,NA,NA,NA,NA,NA,NA
2008,Greece,4,3,3,4,30.15075377,-220170657,9435.143,5.97,2.446,3.374,NA,NA,NA,NA
2008,Croatia,2,0,0,1,58.40707965,-71704798,3644.093,NA,NA,NA,NA,NA,NA,NA
2008,Czechia,2,1,1,2,-30.58103976,-2128985978,8943.772,62.015,1.11,53.472,NA,NA,NA,NA
2008,Ireland,1,0,0,1,0,7030637393,3577.046,NA,NA,NA,NA,NA,NA,NA
2008,Hungary,1,1,1,0,-39.13043478,-6320972000,8364.55,NA,NA,NA,296.102,46.175,2783.192,573.591
2007,USA,21826,15859,15859,17950,-78.69565217,40610568666,231866.927,1018.452,620.896,396.433,NA,NA,NA,NA
2007,South Korea,15919,10567,10567,2713,2.662721893,9402046646,39179.84,NA,NA,NA,NA,NA,NA,NA
2007,Japan,7948,5541,5541,4594,-20.96774194,27093887828,109416.772,NA,NA,NA,NA,NA,NA,NA
2007,China,5840,3452,3452,5373,-14.31767338,-1.55005E+11,NA,NA,NA,NA,NA,NA,NA,NA
2007,World Intellectual Property Organization,5374,3641,3641,5374,NA,NA,NA,NA,NA,NA,NA,NA,NA,NA
2007,European Patent Office,4937,3047,3047,4937,NA,NA,NA,NA,NA,NA,NA,NA,NA,NA
2007,Taiwan,4881,3552,3552,3711,NA,NA,18392,NA,NA,NA,NA,NA,NA,NA
2007,Germany,3280,2158,2158,2092,-91.70616114,-1436686000,70292.811,NA,NA,NA,NA,NA,NA,NA
2007,France,315,205,205,315,-25.76419214,2989415952,49607.472,NA,NA,NA,2960.9861,-1408.624,7984.667,25866.258
2007,Austria,288,209,209,275,-25.73964497,405526516,6903.242,NA,NA,NA,NA,NA,NA,NA
2007,Netherlands,31,15,15,14,-42.89340102,6822168252,13233.267,NA,NA,NA,NA,NA,NA,NA
2007,Finland,25,16,16,4,-12.8113879,-2234678560,4370.773,NA,NA,NA,NA,NA,NA,NA
2007,Italy,23,17,17,23,-47.04049844,315735666.3,49998.081,NA,NA,NA,NA,NA,NA,NA
2007,Denmark,17,6,6,16,-28.83211679,-406555964,4435.116,NA,NA,NA,NA,NA,NA,NA
2007,Czechia,2,1,1,2,-36.12903226,-2059326640,8845.048,NA,NA,NA,NA,NA,NA,NA
2007,Belgium,2,2,2,0,-40.4040404,-210313440,8831.933,NA,NA,NA,NA,NA,NA,NA
2007,Bulgaria,1,1,1,0,17.1314741,-39361281,6640.876,NA,NA,NA,NA,NA,NA,NA
2007,Croatia,1,0,0,0,48.06866953,-74371962,3635.898,NA,NA,NA,NA,NA,NA,NA
2006,USA,21292,15328,15328,17653,-64.04494382,47447512198,228814.753,1039.931,648.751,390.118,NA,NA,NA,NA
2006,South Korea,16098,10835,10835,2755,-12.79069767,7111094218,38631.701,NA,NA,NA,NA,NA,NA,NA
2006,Japan,6893,4663,4663,4553,-28.71972318,21963305277,108934.609,NA,NA,NA,NA,NA,NA,NA
2006,China,5105,3439,3439,4731,-44.29530201,-1.25725E+11,NA,NA,NA,NA,NA,NA,NA,NA
2006,Taiwan,4774,3409,3409,3569,NA,NA,18166,NA,NA,NA,NA,NA,NA,NA
2006,World Intellectual Property Organization,4576,3080,3080,4576,NA,NA,NA,NA,NA,NA,NA,NA,NA,NA
2006,European Patent Office,4488,2645,2645,4488,NA,NA,NA,NA,NA,NA,NA,NA,NA,NA
2006,Germany,3004,2006,2006,1807,-85.71428571,-3065430000,70055.326,NA,NA,NA,NA,NA,NA,NA
2006,France,280,190,190,274,-69.60556845,3031044110,49291.248,NA,NA,NA,-100.414,11344.295,9409.9697,30538.613
2006,Austria,205,125,125,194,-51.53203343,264106894,6860.13,NA,NA,NA,NA,NA,NA,NA
2006,Finland,30,20,20,5,-16.84210526,-2202051237,4333.975,NA,NA,NA,NA,NA,NA,NA
2006,Netherlands,29,10,10,27,-39.80099502,4100482624,13172.818,NA,NA,NA,NA,NA,NA,NA
2006,Denmark,18,7,7,17,-18.06451613,-758923125,4427.457,NA,NA,NA,NA,NA,NA,NA
2006,Italy,13,11,11,13,-53.2967033,288056737.7,49742.101,NA,NA,NA,NA,NA,NA,NA
2006,Hungary,6,3,3,6,-34.29602888,-5424036000,8383.455,NA,NA,NA,NA,NA,NA,NA
2006,Estonia,2,2,2,0,46.72489083,-641687332.5,1142.325,NA,NA,NA,-2.652,0.73699999,75.272003,2.3800001
2006,Ireland,1,0,0,0,9.163346614,5585244074,3367.846,NA,NA,NA,NA,NA,NA,NA
2006,Croatia,1,0,0,1,49.18032787,-61679728,3628.748,NA,NA,NA,NA,NA,NA,NA
2006,Greece,1,1,1,1,34.07079646,-238981164,9374.119,NA,NA,NA,NA,NA,NA,NA
2005,USA,19748,14321,14321,14267,-74.75345168,39946050272,226082.427,1020.519,612.703,407.606,NA,NA,NA,NA
2005,South Korea,10511,7332,7332,2702,-18.55345912,4929127810,38119.531,NA,NA,NA,NA,NA,NA,NA
2005,Japan,6118,4246,4246,3856,-31.73431734,23687660340,108820.278,NA,NA,NA,NA,NA,NA,NA
2005,China,4749,3122,3122,4468,-31.39534884,-1.00551E+11,NA,NA,NA,NA,NA,NA,NA,NA
2005,Taiwan,4231,2975,2975,3227,NA,NA,17949,NA,NA,NA,NA,NA,NA,NA
2005,World Intellectual Property Organization,4010,2606,2606,4010,NA,NA,NA,NA,NA,NA,NA,NA,NA,NA
2005,European Patent Office,3570,2156,2156,3570,NA,NA,NA,NA,NA,NA,NA,NA,NA,NA
2005,Germany,2347,1580,1580,1290,-75.96741344,193190000,70070.241,NA,NA,NA,NA,NA,NA,NA
2005,France,343,221,221,337,-68.16037736,2341810900,48932.639,NA,NA,NA,1286.353,-16.157,8394.7471,24137.846
2005,Austria,121,74,74,111,-52.63157895,416730091,6804.222,NA,NA,NA,NA,NA,NA,NA
2005,Italy,32,21,21,32,-55.52486188,516566704.7,49448.117,NA,NA,NA,NA,NA,NA,NA
2005,Netherlands,28,18,18,18,-70.28571429,3325919354,13117.176,NA,NA,NA,NA,NA,NA,NA
2005,Finland,24,15,15,4,-2.749140893,-1953634857,4310.584,NA,NA,NA,NA,NA,NA,NA
2005,Denmark,11,6,6,11,-39.92932862,-498149298,4405.33,NA,NA,NA,NA,NA,NA,NA
2005,Czechia,5,3,3,5,-2.305475504,-2063863696,8715.99,NA,NA,NA,NA,NA,NA,NA
2005,Belgium,3,3,3,1,-25.26315789,-650011499,8678.977,NA,NA,NA,NA,NA,NA,NA
2005,Hungary,2,1,1,2,0.716845878,-5125832000,8378.429,NA,NA,NA,NA,NA,NA,NA
2005,Greece,1,0,0,1,29.76744186,-244658088,9332.425,NA,NA,NA,NA,NA,NA,NA
2005,Bulgaria,1,1,1,1,37.40458015,-71066693,6674.099,NA,NA,NA,NA,NA,NA,NA
2005,Croatia,1,0,0,1,60.08064516,-56034870,3626.546,NA,NA,NA,NA,NA,NA,NA
2004,USA,17855,13013,13013,11643,-79.91631799,40195436624,223356.723,1069.473,649.026,419.726,NA,NA,NA,NA
2004,South Korea,7810,4884,4884,5099,-16.19937695,-244330586,37771.74,NA,NA,NA,NA,NA,NA,NA
2004,Japan,5851,4055,4055,3737,-43.49442379,24435468870,108662.933,NA,NA,NA,NA,NA,NA,NA
2004,European Patent Office,3565,2182,2182,3564,NA,NA,NA,NA,NA,NA,NA,NA,NA,NA
2004,Taiwan,3552,2592,2592,2863,NA,NA,17760,NA,NA,NA,NA,NA,NA,NA
2004,World Intellectual Property Organization,3517,2415,2415,3517,NA,NA,NA,NA,NA,NA,NA,NA,NA,NA
2004,China,3193,2108,2108,3072,-23.85542169,-73431454544,NA,NA,NA,NA,NA,NA,NA,NA
2004,Germany,2200,1478,1478,1339,-64.8111332,-1165988000,69846.764,NA,NA,NA,NA,NA,NA,NA
2004,France,274,183,183,272,-68.68932039,1004058285,47958.243,NA,NA,NA,NA,NA,NA,NA
2004,Austria,111,74,74,108,-41.04046243,415880785,6742.398,NA,NA,NA,NA,NA,NA,NA
2004,Italy,38,26,26,38,-44.65753425,462143357.9,48961.08,NA,NA,NA,NA,NA,NA,NA
2004,Netherlands,31,16,16,24,-61.15702479,4263294012,13090.521,NA,NA,NA,NA,NA,NA,NA
2004,Finland,19,14,14,8,-4.347826087,-1295886388,4282.182,NA,NA,NA,NA,NA,NA,NA
2004,Denmark,11,3,3,11,-19.74110032,-445728307,4387.355,NA,NA,NA,NA,NA,NA,NA
2004,Hungary,7,7,7,7,11.60409556,-5581502000,8356.436,NA,NA,NA,NA,NA,NA,NA
2004,Czechia,6,1,1,6,4.922279793,-2446561028,8673.292,NA,NA,NA,NA,NA,NA,NA
2004,Ireland,4,3,3,0,1.486988848,3510324810,3200.534,NA,NA,NA,NA,NA,NA,NA
2004,Greece,2,1,1,2,34.13461538,-245303886,9285.334,NA,NA,NA,NA,NA,NA,NA
2004,Bulgaria,1,0,0,1,28.06324111,-61172347,6678.983,NA,NA,NA,NA,NA,NA,NA
2004,Estonia,1,1,1,1,46.05263158,-445327010.2,1139.534,NA,NA,NA,NA,NA,NA,NA
2004,Belgium,1,0,0,1,-15.43859649,-671359293,8597.712,NA,NA,NA,NA,NA,NA,NA
2003,USA,15490,11681,11681,9819,-88.91257996,38782143906,221168.048,1130.888,668.89,460.976,NA,NA,NA,NA
2003,South Korea,6789,3870,3870,765,-10.46153846,-5420837596,37410.404,NA,NA,NA,NA,NA,NA,NA
2003,Japan,4883,3587,3587,3055,-46.51162791,21993888558,108468.163,NA,NA,NA,NA,NA,NA,NA
2003,World Intellectual Property Organization,3137,2146,2146,3137,NA,NA,NA,NA,NA,NA,NA,NA,NA,NA
2003,European Patent Office,2776,1742,1742,2776,NA,NA,NA,NA,NA,NA,NA,NA,NA,NA
2003,Taiwan,2599,1921,1921,2296,NA,NA,17571,NA,NA,NA,NA,NA,NA,NA
2003,Germany,2260,1532,1532,1403,-64.31451613,-1123762000,69473.186,NA,NA,NA,NA,NA,NA,NA
2003,China,1944,1223,1223,1837,-21.64948454,-52041257278,NA,NA,NA,NA,NA,NA,NA,NA
2003,France,350,250,250,347,-52.59593679,1546248084,47586.468,NA,NA,NA,NA,NA,NA,NA
2003,Austria,105,65,65,94,-42.81524927,180761773,6649.473,NA,NA,NA,NA,NA,NA,NA
2003,Italy,58,37,37,57,-45.50561798,80428886.05,49132.169,NA,NA,NA,NA,NA,NA,NA
2003,Netherlands,27,15,15,19,-48.29545455,1766645653,13016.144,NA,NA,NA,NA,NA,NA,NA
2003,Denmark,17,8,8,16,-7.255520505,-608832699,4366.099,NA,NA,NA,NA,NA,NA,NA
2003,Finland,17,12,12,8,-10.48689139,-1617701769,4267.82,NA,NA,NA,NA,NA,NA,NA
2003,Hungary,13,11,11,13,28.77906977,-3347178000,8374.784,NA,NA,NA,NA,NA,NA,NA
2003,Czechia,11,10,10,11,-4.571428571,-2544515208,8636.901,NA,NA,NA,NA,NA,NA,NA
2003,Ireland,4,2,2,0,12.92517007,2441898335,3144.985,NA,NA,NA,NA,NA,NA,NA
2003,Bulgaria,3,2,2,3,21.70212766,-55169901,6678,NA,NA,NA,NA,NA,NA,NA
2003,Greece,1,0,0,1,14.13043478,-208987241,9234.882,NA,NA,NA,NA,NA,NA,NA
2003,Belgium,1,0,0,1,-9.219858156,-537177638,8553.146,NA,NA,NA,NA,NA,NA,NA
2003,Estonia,1,0,0,1,47.16981132,-291732705,1139.683,NA,NA,NA,NA,NA,NA,NA
2002,USA,14403,10890,10890,9337,-75.54585153,27889469388,217569.323,NA,NA,NA,NA,NA,NA,NA
2002,South Korea,6780,3936,3936,1158,-7.260726073,-5342594942,37014.048,NA,NA,NA,NA,NA,NA,NA
2002,Japan,4681,3385,3385,2867,-43.52941176,17837846781,108091.561,NA,NA,NA,NA,NA,NA,NA
2002,European Patent Office,2663,1673,1673,2663,NA,NA,NA,NA,NA,NA,NA,NA,NA,NA
2002,World Intellectual Property Organization,2437,1641,1641,2437,NA,NA,NA,NA,NA,NA,NA,NA,NA,NA
2002,Germany,2331,1663,1663,1483,-57.25490196,-1461966000,69206.778,NA,NA,NA,NA,NA,NA,NA
2002,Taiwan,1576,1147,1147,1363,NA,NA,17386,NA,NA,NA,NA,NA,NA,NA
2002,China,1064,573,573,1046,-26.92307692,-32870963718,NA,NA,NA,NA,NA,NA,NA,NA
2002,France,221,169,169,220,-59.76744186,1062591636,46955.855,NA,NA,NA,NA,NA,NA,NA
2002,Austria,93,65,65,81,-38.10888252,467329924,6540.35,NA,NA,NA,NA,NA,NA,NA
2002,Italy,59,45,45,59,-36.7816092,-111023436.5,49125.947,NA,NA,NA,NA,NA,NA,NA
2002,Hungary,31,25,25,31,23.76237624,-2424498000,8376.27,NA,NA,NA,NA,NA,NA,NA
2002,Netherlands,31,25,25,27,-65.07936508,1498229538,12933.061,NA,NA,NA,NA,NA,NA,NA
2002,Denmark,20,8,8,20,6.865671642,-638733811,4361.584,NA,NA,NA,NA,NA,NA,NA
2002,Czechia,18,10,10,18,-3.058103976,-1822744576,8599.136,NA,NA,NA,NA,NA,NA,NA
2002,Finland,7,6,6,1,-24.30278884,-1841038621,4249.368,NA,NA,NA,NA,NA,NA,NA
2002,Ireland,2,2,2,1,12.58992806,2263379625,3089.735,NA,NA,NA,NA,NA,NA,NA
2002,Greece,2,0,0,2,32.09876543,-67106478,9188.34,NA,NA,NA,NA,NA,NA,NA
2002,Estonia,1,0,0,1,50.98039216,-193321864,1143.03,NA,NA,NA,NA,NA,NA,NA
2001,USA,8894,6924,6924,5704,-81.66666667,27086391934,215092.47,NA,NA,NA,NA,NA,NA,NA
2001,South Korea,7321,4620,4620,1377,0.852272727,-3675540396,36607.937,NA,NA,NA,NA,NA,NA,NA
2001,Japan,4342,3274,3274,2697,-41.29032258,17010750834,107739.946,NA,NA,NA,NA,NA,NA,NA
2001,European Patent Office,2500,1585,1585,2500,NA,NA,NA,NA,NA,NA,NA,NA,NA,NA
2001,World Intellectual Property Organization,1717,1054,1054,1717,NA,NA,NA,NA,NA,NA,NA,NA,NA,NA
2001,Taiwan,1704,1298,1298,1392,NA,NA,17180,NA,NA,NA,NA,NA,NA,NA
2001,Germany,1652,1157,1157,977,-57.44680851,-3459724000,68903.015,NA,NA,NA,NA,NA,NA,NA
2001,China,717,383,383,707,-9.866666667,-22786765300,NA,NA,NA,NA,NA,NA,NA,NA
2001,France,243,180,180,242,-52.29540918,1518376448,46683.262,NA,NA,NA,NA,NA,NA,NA
2001,Italy,53,42,42,52,-43.22916667,-1056515284,48942.359,NA,NA,NA,NA,NA,NA,NA
2001,Austria,48,31,31,48,-39.54081633,100427731,6612.262,NA,NA,NA,NA,NA,NA,NA
2001,Netherlands,47,32,32,41,-54.26356589,382867115,12837.713,NA,NA,NA,NA,NA,NA,NA
2001,Czechia,16,9,9,16,1.503759398,-1133293663,8577.386,NA,NA,NA,NA,NA,NA,NA
2001,Finland,14,11,11,3,-22.40802676,-1567410495,4232.56,NA,NA,NA,NA,NA,NA,NA
2001,Hungary,11,7,7,11,29.34472934,-2023252000,8371.625,NA,NA,NA,NA,NA,NA,NA
2001,Greece,6,4,4,6,28.57142857,-254491825,9156.003,NA,NA,NA,NA,NA,NA,NA
2001,Denmark,6,4,4,6,-17.26384365,-557536103,4352.055,NA,NA,NA,NA,NA,NA,NA
2001,Belgium,3,3,3,0,-11.14369501,-971635868,8458.327,NA,NA,NA,NA,NA,NA,NA
2001,Croatia,2,0,0,2,60.52631579,-37131954,NA,NA,NA,NA,NA,NA,NA,NA
2001,Bulgaria,2,1,1,2,32.87197232,-31700428,6698.858,NA,NA,NA,NA,NA,NA,NA
2001,Estonia,1,0,0,1,54.24528302,-73491641,1150.896,NA,NA,NA,NA,NA,NA,NA
2000,South Korea,6418,5322,5322,3238,-2.388059701,5591925822,36192.374,NA,NA,NA,NA,NA,NA,NA
2000,USA,5403,4348,4348,3360,-82.41758242,23332234728,212576.669,NA,NA,NA,NA,NA,NA,NA
2000,Japan,3817,2958,2958,2489,-40.90909091,26017889306,107074.712,NA,NA,NA,NA,NA,NA,NA
2000,European Patent Office,2525,1749,1749,2525,NA,NA,NA,NA,NA,NA,NA,NA,NA,NA
2000,Germany,1487,1017,1017,955,-72.40704501,-3859034000,68652.77,NA,NA,NA,NA,NA,NA,NA
2000,World Intellectual Property Organization,1313,833,833,1313,NA,NA,NA,NA,NA,NA,NA,NA,NA,NA
2000,Taiwan,1006,836,836,772,NA,NA,16962,NA,NA,NA,NA,NA,NA,NA
2000,China,625,392,392,608,5.882352941,-17185041352,902553.3,NA,NA,NA,NA,NA,NA,NA
2000,France,203,141,141,202,-40.71969697,-1011518169,46235.325,NA,NA,NA,NA,NA,NA,NA
2000,Italy,71,52,52,70,-37.09273183,-1406526010,48759.454,NA,NA,NA,NA,NA,NA,NA
2000,Austria,43,32,32,42,-35.32467532,217432470,6582.214,NA,NA,NA,NA,NA,NA,NA
2000,Netherlands,38,25,25,31,-55.64853556,1509074025,12717.281,NA,NA,NA,NA,NA,NA,NA
2000,Denmark,20,8,8,18,-19.15708812,-624877630,4338.794,NA,NA,NA,NA,NA,NA,NA
2000,Finland,10,5,5,5,-10.59602649,-1708550596,4214.342,NA,NA,NA,NA,NA,NA,NA
2000,Greece,6,0,0,6,26.82926829,-266632337,8839.848,NA,NA,NA,NA,NA,NA,NA
2000,Hungary,3,3,3,3,32.84883721,-1664854000,8221.058,NA,NA,NA,NA,NA,NA,NA
2000,Bulgaria,3,2,2,3,35.29411765,-28285427,6832.174,NA,NA,NA,NA,NA,NA,NA
2000,Czechia,3,1,1,3,7.341772152,-643610482,8586.44,NA,NA,NA,NA,NA,NA,NA
2000,Estonia,2,2,2,2,47.97687861,-43457062,1147.697,NA,NA,NA,NA,NA,NA,NA
2000,Belgium,1,0,0,1,-12.92307692,-1261135003,8434.303,NA,NA,NA,NA,NA,NA,NA
1999,South Korea,7641,7003,7003,926,NA,NA,NA,NA,NA,NA,NA,NA,NA,NA
1999,USA,4654,3690,3690,2919,NA,NA,207752.978,NA,NA,NA,NA,NA,NA,NA
1999,Japan,3940,3110,3110,2452,NA,NA,107830,NA,NA,NA,NA,NA,NA,NA
1999,European Patent Office,2396,1690,1690,2383,NA,NA,NA,NA,NA,NA,NA,NA,NA,NA
1999,Germany,1877,1372,1372,1341,NA,NA,68426.756,NA,NA,NA,NA,NA,NA,NA
1999,World Intellectual Property Organization,1000,675,675,1000,NA,NA,NA,NA,NA,NA,NA,NA,NA,NA
1999,China,653,471,471,646,NA,NA,NA,NA,NA,NA,NA,NA,NA,NA
1999,Taiwan,530,436,436,429,NA,NA,16688,NA,NA,NA,NA,NA,NA,NA
1999,France,243,191,191,238,NA,NA,45868.227,NA,NA,NA,NA,NA,NA,NA
1999,Italy,63,51,51,58,NA,NA,48579.728,NA,NA,NA,NA,NA,NA,NA
1999,Austria,53,38,38,51,NA,NA,6542.257,NA,NA,NA,NA,NA,NA,NA
1999,Netherlands,45,31,31,40,NA,NA,12628.864,NA,NA,NA,NA,NA,NA,NA
1999,Denmark,17,8,8,16,NA,NA,4338.577,NA,NA,NA,NA,NA,NA,NA
1999,Czechia,11,2,2,11,NA,NA,8555.278,82.017,0.378,78.214,NA,NA,NA,NA
1999,Hungary,8,6,6,8,NA,NA,8247.804,NA,NA,NA,NA,NA,NA,NA
1999,Finland,5,2,2,4,NA,NA,4194.927,NA,NA,NA,NA,NA,NA,NA
1999,Greece,5,3,3,5,NA,NA,8764.529,NA,NA,NA,NA,NA,NA,NA
1999,Ireland,1,1,1,1,NA,NA,2911.002,NA,NA,NA,NA,NA,NA,NA
1998,South Korea,5521,5018,5018,381,NA,NA,NA,NA,NA,NA,NA,NA,NA,NA
1998,Japan,4008,3228,3228,2495,NA,NA,107280,NA,NA,NA,NA,NA,NA,NA
1998,USA,3987,3063,3063,2506,NA,NA,205220.056,NA,NA,NA,NA,NA,NA,NA
1998,European Patent Office,2335,1708,1708,2327,NA,NA,NA,NA,NA,NA,NA,NA,NA,NA
1998,Germany,2023,1494,1494,1558,NA,NA,68291.077,NA,NA,NA,NA,NA,NA,NA
1998,World Intellectual Property Organization,759,554,554,759,NA,NA,NA,NA,NA,NA,NA,NA,NA,NA
1998,China,473,334,334,469,NA,NA,NA,NA,NA,NA,NA,NA,NA,NA
1998,Taiwan,389,316,316,328,NA,NA,16448,NA,NA,NA,NA,NA,NA,NA
1998,France,241,187,187,235,NA,NA,45624.083,NA,NA,NA,NA,NA,NA,NA
1998,Austria,70,49,49,66,NA,NA,6522.437,NA,NA,NA,NA,NA,NA,NA
1998,Italy,62,56,56,60,NA,NA,48481.994,NA,NA,NA,NA,NA,NA,NA
1998,Netherlands,55,47,47,46,NA,NA,12550.144,NA,NA,NA,NA,NA,NA,NA
1998,Finland,13,6,6,2,NA,NA,4165.836,NA,NA,NA,NA,NA,NA,NA
1998,Denmark,7,3,3,7,NA,NA,4328.147,NA,NA,NA,NA,NA,NA,NA
1998,Czechia,7,4,4,7,NA,NA,8523.221,80.598,0.149,77.445,NA,NA,NA,NA
1998,Greece,6,2,2,6,NA,NA,8680.381,NA,NA,NA,NA,NA,NA,NA
1998,Ireland,4,4,4,4,NA,NA,2867.294,NA,NA,NA,NA,NA,NA,NA
1998,Bulgaria,2,1,1,1,NA,NA,NA,NA,NA,NA,NA,NA,NA,NA
1998,Hungary,2,2,2,2,NA,NA,8264.058,NA,NA,NA,NA,NA,NA,NA
1997,South Korea,3978,3596,3596,231,NA,NA,NA,NA,NA,NA,NA,NA,NA,NA
1997,Japan,3322,2651,2651,1860,NA,NA,106610,NA,NA,NA,NA,NA,NA,NA
1997,USA,3009,2123,2123,1885,NA,NA,203133.319,NA,NA,NA,NA,NA,NA,NA
1997,European Patent Office,2178,1577,1577,2176,NA,NA,NA,NA,NA,NA,NA,NA,NA,NA
1997,Germany,2048,1445,1445,1647,NA,NA,67903.544,NA,NA,NA,NA,NA,NA,NA
1997,World Intellectual Property Organization,627,450,450,626,NA,NA,NA,NA,NA,NA,NA,NA,NA,NA
1997,Taiwan,387,330,330,324,NA,NA,16170,NA,NA,NA,NA,NA,NA,NA
1997,China,315,230,230,310,NA,NA,NA,NA,NA,NA,NA,NA,NA,NA
1997,France,244,177,177,216,NA,NA,45294.179,NA,NA,NA,NA,NA,NA,NA
1997,Austria,71,44,44,68,NA,NA,6511,NA,NA,NA,NA,NA,NA,NA
1997,Italy,57,52,52,52,NA,NA,48290.504,NA,NA,NA,NA,NA,NA,NA
1997,Finland,33,25,25,29,NA,NA,4146.156,NA,NA,NA,NA,NA,NA,NA
1997,Netherlands,21,12,12,19,NA,NA,12479.246,NA,NA,NA,NA,NA,NA,NA
1997,Denmark,13,6,6,13,NA,NA,4321.102,NA,NA,NA,NA,NA,NA,NA
1997,Greece,10,4,4,10,NA,NA,8722.923,NA,NA,NA,NA,NA,NA,NA
1997,Hungary,5,4,4,5,NA,NA,8261.885,NA,NA,NA,NA,NA,NA,NA
1997,Czechia,4,4,4,4,NA,NA,5790.576,NA,NA,NA,NA,NA,NA,NA
1997,Ireland,3,2,2,3,NA,NA,2757.729,NA,NA,NA,NA,NA,NA,NA
1997,Latvia,2,0,0,2,NA,NA,NA,NA,NA,NA,NA,NA,NA,NA
1997,Luxembourg,1,0,0,1,NA,NA,338.701,NA,NA,NA,NA,NA,NA,NA
1997,Bulgaria,1,1,1,0,NA,NA,NA,NA,NA,NA,NA,NA,NA,NA
1997,Lithuania,1,0,0,1,NA,NA,2973.2,NA,NA,NA,NA,NA,NA,NA
1997,Estonia,1,0,0,1,NA,NA,1035.232,NA,NA,NA,NA,NA,NA,NA
1996,Japan,3174,2575,2575,1891,NA,NA,105710,NA,NA,NA,NA,NA,NA,NA
1996,USA,2765,1931,1931,1725,NA,NA,200590.596,NA,NA,NA,NA,NA,NA,NA
1996,South Korea,2679,2327,2327,273,NA,NA,NA,NA,NA,NA,NA,NA,NA,NA
1996,European Patent Office,2011,1422,1422,2010,NA,NA,NA,NA,NA,NA,NA,NA,NA,NA
1996,Germany,1945,1213,1213,1618,NA,NA,67836.81,NA,NA,NA,NA,NA,NA,NA
1996,World Intellectual Property Organization,481,348,348,481,NA,NA,NA,NA,NA,NA,NA,NA,NA,NA
1996,Taiwan,245,204,204,241,NA,NA,15932,NA,NA,NA,NA,NA,NA,NA
1996,China,240,186,186,236,NA,NA,NA,NA,NA,NA,NA,NA,NA,NA
1996,France,198,133,133,192,NA,NA,45060.335,NA,NA,NA,NA,NA,NA,NA
1996,Austria,77,49,49,76,NA,NA,6491.625,NA,NA,NA,NA,NA,NA,NA
1996,Netherlands,43,30,30,40,NA,NA,12405.759,NA,NA,NA,NA,NA,NA,NA
1996,Italy,43,36,36,32,NA,NA,48061.416,NA,NA,NA,NA,NA,NA,NA
1996,Finland,37,24,24,33,NA,NA,4118.292,NA,NA,NA,NA,NA,NA,NA
1996,Greece,16,6,6,16,NA,NA,8403.479,NA,NA,NA,NA,NA,NA,NA
1996,Denmark,11,5,5,11,NA,NA,4318.099,NA,NA,NA,NA,NA,NA,NA
1996,Czechia,6,4,4,4,NA,NA,5657.457,NA,NA,NA,NA,NA,NA,NA
1996,Hungary,5,2,2,5,NA,NA,8245.823,NA,NA,NA,NA,NA,NA,NA
1996,Belgium,4,2,2,3,NA,NA,8307.413,NA,NA,NA,NA,NA,NA,NA
1995,Japan,3325,2650,2650,1817,NA,NA,105100,NA,NA,NA,NA,NA,NA,NA
1995,USA,2666,2005,2005,1641,NA,NA,198584.01,NA,NA,NA,NA,NA,NA,NA
1995,South Korea,2206,1745,1745,254,NA,NA,NA,NA,NA,NA,NA,NA,NA,NA
1995,European Patent Office,1978,1307,1307,1973,NA,NA,NA,NA,NA,NA,NA,NA,NA,NA
1995,Germany,1892,1110,1110,1567,NA,NA,67502.606,NA,NA,NA,NA,NA,NA,NA
1995,World Intellectual Property Organization,306,210,210,306,NA,NA,NA,NA,NA,NA,NA,NA,NA,NA
1995,France,208,140,140,207,NA,NA,44814.842,NA,NA,NA,NA,NA,NA,NA
1995,China,134,87,87,132,NA,NA,NA,NA,NA,NA,NA,NA,NA,NA
1995,Taiwan,120,92,92,117,NA,NA,15688,NA,NA,NA,NA,NA,NA,NA
1995,Italy,79,67,67,70,NA,NA,47821.514,NA,NA,NA,NA,NA,NA,NA
1995,Austria,70,48,48,69,NA,NA,6463.983,NA,NA,NA,NA,NA,NA,NA
1995,Finland,34,21,21,29,NA,NA,3974.544,NA,NA,NA,NA,NA,NA,NA
1995,Netherlands,23,12,12,20,NA,NA,12338.023,NA,NA,NA,NA,NA,NA,NA
1995,Denmark,21,14,14,21,NA,NA,4328.183,NA,NA,NA,NA,NA,NA,NA
1995,Belgium,13,7,7,12,NA,NA,8277.894,NA,NA,NA,NA,NA,NA,NA
1995,Hungary,6,3,3,6,NA,NA,NA,NA,NA,NA,NA,NA,NA,NA
1995,Greece,6,4,4,6,NA,NA,7591.127,NA,NA,NA,NA,NA,NA,NA
1995,Ireland,4,2,2,4,NA,NA,2658.468,NA,NA,NA,NA,NA,NA,NA
1995,Bulgaria,3,1,1,3,NA,NA,NA,NA,NA,NA,NA,NA,NA,NA
1995,Czechia,1,1,1,1,NA,NA,5629.949,NA,NA,NA,NA,NA,NA,NA
1994,Japan,3544,2897,2897,2069,NA,NA,104440,NA,NA,NA,NA,NA,NA,NA
1994,USA,2634,1982,1982,1619,NA,NA,196814.455,NA,NA,NA,NA,NA,NA,NA
1994,South Korea,1924,1419,1419,271,NA,NA,NA,NA,NA,NA,NA,NA,NA,NA
1994,European Patent Office,1864,1261,1261,1839,NA,NA,NA,NA,NA,NA,NA,NA,NA,NA
1994,Germany,1725,992,992,1403,NA,NA,67513.394,NA,NA,NA,NA,NA,NA,NA
1994,World Intellectual Property Organization,283,192,192,283,NA,NA,NA,NA,NA,NA,NA,NA,NA,NA
1994,France,240,171,171,173,NA,NA,44501.683,NA,NA,NA,NA,NA,NA,NA
1994,Taiwan,108,81,81,107,NA,NA,15401,NA,NA,NA,NA,NA,NA,NA
1994,Austria,83,36,36,82,NA,NA,NA,NA,NA,NA,NA,NA,NA,NA
1994,China,83,48,48,82,NA,NA,NA,NA,NA,NA,NA,NA,NA,NA
1994,Italy,70,55,55,69,NA,NA,47582.766,NA,NA,NA,NA,NA,NA,NA
1994,Finland,33,20,20,32,NA,NA,NA,NA,NA,NA,NA,NA,NA,NA
1994,Netherlands,30,22,22,30,NA,NA,12267.309,NA,NA,NA,NA,NA,NA,NA
1994,Denmark,7,4,4,7,NA,NA,4285.367,NA,NA,NA,NA,NA,NA,NA
1994,Hungary,7,4,4,7,NA,NA,NA,NA,NA,NA,NA,NA,NA,NA
1994,Ireland,3,3,3,2,NA,NA,2619.51,NA,NA,NA,NA,NA,NA,NA
1994,Czechia,2,1,1,2,NA,NA,5594.274,NA,NA,NA,NA,NA,NA,NA
1994,Luxembourg,1,1,1,1,NA,NA,323.46,NA,NA,NA,NA,NA,NA,NA
1994,Greece,1,1,1,1,NA,NA,8022.18,NA,NA,NA,NA,NA,NA,NA
1993,Japan,3109,2596,2596,2262,NA,NA,103700,NA,NA,NA,NA,NA,NA,NA
1993,USA,2210,1646,1646,1320,NA,NA,194838,NA,NA,NA,NA,NA,NA,NA
1993,European Patent Office,2029,1426,1426,1173,NA,NA,NA,NA,NA,NA,NA,NA,NA,NA
1993,South Korea,1872,1348,1348,277,NA,NA,NA,NA,NA,NA,NA,NA,NA,NA
1993,Germany,1488,941,941,1091,NA,NA,67072.796,NA,NA,NA,NA,NA,NA,NA
1993,World Intellectual Property Organization,247,175,175,247,NA,NA,NA,NA,NA,NA,NA,NA,NA,NA
1993,France,199,126,126,162,NA,NA,44296.699,NA,NA,NA,NA,NA,NA,NA
1993,Taiwan,73,50,50,73,NA,NA,15087,NA,NA,NA,NA,NA,NA,NA
1993,Italy,68,58,58,61,NA,NA,47250.27,NA,NA,NA,NA,NA,NA,NA
1993,Austria,60,21,21,60,NA,NA,6587,NA,NA,NA,NA,NA,NA,NA
1993,China,48,32,32,47,NA,NA,NA,NA,NA,NA,NA,NA,NA,NA
1993,Netherlands,37,30,30,37,NA,NA,12182.784,NA,NA,NA,NA,NA,NA,NA
1993,Finland,29,19,19,29,NA,NA,NA,NA,NA,NA,NA,NA,NA,NA
1993,Greece,8,2,2,3,NA,NA,7403.296,NA,NA,NA,NA,NA,NA,NA
1993,Hungary,6,6,6,6,NA,NA,NA,NA,NA,NA,NA,NA,NA,NA
1993,Ireland,5,4,4,5,NA,NA,2564.871,NA,NA,NA,NA,NA,NA,NA
1993,Czechia,4,2,2,4,NA,NA,5552.615,NA,NA,NA,NA,NA,NA,NA
1993,Denmark,3,1,1,3,NA,NA,4267.69,NA,NA,NA,NA,NA,NA,NA
1993,Bulgaria,1,1,1,1,NA,NA,NA,NA,NA,NA,NA,NA,NA,NA
1992,Japan,2979,2461,2461,1695,NA,NA,102830,NA,NA,NA,NA,NA,NA,NA
1992,USA,2160,1501,1501,1242,NA,NA,192805,NA,NA,NA,NA,NA,NA,NA
1992,European Patent Office,2158,1445,1445,1100,NA,NA,NA,NA,NA,NA,NA,NA,NA,NA
1992,South Korea,1602,1084,1084,237,NA,NA,NA,NA,NA,NA,NA,NA,NA,NA
1992,Germany,921,636,636,571,NA,NA,66400.36,NA,NA,NA,NA,NA,NA,NA
1992,France,247,165,165,243,NA,NA,43992.245,NA,NA,NA,NA,NA,NA,NA
1992,World Intellectual Property Organization,247,171,171,247,NA,NA,NA,NA,NA,NA,NA,NA,NA,NA
1992,Italy,86,65,65,84,NA,NA,47062.917,NA,NA,NA,NA,NA,NA,NA
1992,Netherlands,72,62,62,71,NA,NA,12069.387,NA,NA,NA,NA,NA,NA,NA
1992,Austria,66,23,23,66,NA,NA,6501.9,NA,NA,NA,NA,NA,NA,NA
1992,China,62,23,23,60,NA,NA,NA,NA,NA,NA,NA,NA,NA,NA
1992,Finland,33,17,17,33,NA,NA,NA,NA,NA,NA,NA,NA,NA,NA
1992,Ireland,18,8,8,18,NA,NA,2571.187,NA,NA,NA,NA,NA,NA,NA
1992,Denmark,16,5,5,16,NA,NA,4255.344,NA,NA,NA,NA,NA,NA,NA
1992,Hungary,7,2,2,7,NA,NA,NA,NA,NA,NA,NA,NA,NA,NA
1992,Belgium,3,2,2,3,NA,NA,8142.047,NA,NA,NA,NA,NA,NA,NA
1992,Bulgaria,1,1,1,1,NA,NA,6878.285,NA,NA,NA,NA,NA,NA,NA
1991,Japan,2409,1983,1983,1378,NA,NA,101990,NA,NA,NA,NA,NA,NA,NA
1991,European Patent Office,2233,1482,1482,1158,NA,NA,NA,NA,NA,NA,NA,NA,NA,NA
1991,USA,2156,1500,1500,1217,NA,NA,190925,NA,NA,NA,NA,NA,NA,NA
1991,South Korea,1226,788,788,239,NA,NA,NA,NA,NA,NA,NA,NA,NA,NA
1991,Germany,772,547,547,444,NA,NA,65779.308,NA,NA,NA,NA,NA,NA,NA
1991,France,258,162,162,254,NA,NA,43814.155,NA,NA,NA,NA,NA,NA,NA
1991,World Intellectual Property Organization,181,125,125,181,NA,NA,NA,NA,NA,NA,NA,NA,NA,NA
1991,Italy,91,76,76,89,NA,NA,47184.008,NA,NA,NA,NA,NA,NA,NA
1991,Netherlands,83,68,68,80,NA,NA,11984.091,NA,NA,NA,NA,NA,NA,NA
1991,China,63,31,31,61,NA,NA,NA,NA,NA,NA,NA,NA,NA,NA
1991,Finland,34,17,17,34,NA,NA,NA,NA,NA,NA,NA,NA,NA,NA
1991,Austria,29,10,10,29,NA,NA,6459.6,NA,NA,NA,NA,NA,NA,NA
1991,Denmark,28,12,12,28,NA,NA,4274.04,NA,NA,NA,NA,NA,NA,NA
1991,Ireland,23,19,19,23,NA,NA,2529.114,NA,NA,NA,NA,NA,NA,NA
1991,Hungary,15,4,4,15,NA,NA,NA,NA,NA,NA,NA,NA,NA,NA
1991,Belgium,3,2,2,3,NA,NA,8113.747,NA,NA,NA,NA,NA,NA,NA
1991,Luxembourg,1,1,1,1,NA,NA,317.616,NA,NA,NA,NA,NA,NA,NA
1991,Greece,1,1,1,1,NA,NA,8142.392,NA,NA,NA,NA,NA,NA,NA
1990,Japan,2929,2338,2338,2123,NA,NA,100890,NA,NA,NA,NA,NA,NA,NA
1990,European Patent Office,2192,1317,1317,1044,NA,NA,NA,NA,NA,NA,NA,NA,NA,NA
1990,USA,1706,1159,1159,984,NA,NA,189164,NA,NA,NA,NA,NA,NA,NA
1990,South Korea,1083,599,599,239,NA,NA,31575.873,NA,NA,NA,NA,NA,NA,NA
1990,Germany,810,574,574,460,NA,NA,52539.278,NA,NA,NA,NA,NA,NA,NA
1990,France,272,168,168,254,NA,NA,43203.496,NA,NA,NA,NA,NA,NA,NA
1990,World Intellectual Property Organization,192,119,119,192,NA,NA,NA,NA,NA,NA,NA,NA,NA,NA
1990,Netherlands,115,91,91,114,NA,NA,11879.34,NA,NA,NA,NA,NA,NA,NA
1990,Italy,100,74,74,93,NA,NA,47253.532,NA,NA,NA,NA,NA,NA,NA
1990,China,82,36,36,81,NA,NA,817508.784,NA,NA,NA,NA,NA,NA,NA
1990,Austria,37,28,28,37,NA,NA,6376,NA,NA,NA,NA,NA,NA,NA
1990,Denmark,32,9,9,32,NA,NA,4253.318,NA,NA,NA,NA,NA,NA,NA
1990,Finland,19,15,15,18,NA,NA,NA,NA,NA,NA,NA,NA,NA,NA
1990,Ireland,18,13,13,18,NA,NA,2492.908,NA,NA,NA,NA,NA,NA,NA
1990,Hungary,7,2,2,7,NA,NA,8244.274,NA,NA,NA,NA,NA,NA,NA
1989,Japan,3438,2871,2871,2673,NA,NA,99740,NA,NA,NA,NA,NA,NA,NA
1989,European Patent Office,1909,1142,1142,1004,NA,NA,NA,NA,NA,NA,NA,NA,NA,NA
1989,USA,1517,1091,1091,844,NA,NA,186393,NA,NA,NA,NA,NA,NA,NA
1989,Germany,931,681,681,515,NA,NA,51791,NA,NA,NA,NA,NA,NA,NA
1989,South Korea,769,345,345,85,NA,NA,NA,NA,NA,NA,NA,NA,NA,NA
1989,France,243,139,139,227,NA,NA,42834.979,NA,NA,NA,NA,NA,NA,NA
1989,World Intellectual Property Organization,202,108,108,202,NA,NA,NA,NA,NA,NA,NA,NA,NA,NA
1989,China,110,39,39,109,NA,NA,NA,NA,NA,NA,NA,NA,NA,NA
1989,Italy,96,83,83,94,NA,NA,46835.892,NA,NA,NA,NA,NA,NA,NA
1989,Netherlands,95,55,55,95,NA,NA,11778.168,NA,NA,NA,NA,NA,NA,NA
1989,Denmark,44,9,9,44,NA,NA,4231.88,NA,NA,NA,NA,NA,NA,NA
1989,Finland,41,29,29,37,NA,NA,4001,NA,NA,NA,NA,NA,NA,NA
1989,Austria,38,33,33,38,NA,NA,6294.5,NA,NA,NA,NA,NA,NA,NA
1989,Ireland,28,22,22,28,NA,NA,2475.271,NA,NA,NA,NA,NA,NA,NA
1989,Hungary,5,4,4,5,NA,NA,NA,NA,NA,NA,NA,NA,NA,NA
1989,Belgium,2,1,1,2,NA,NA,8078.384,NA,NA,NA,NA,NA,NA,NA
1989,Luxembourg,1,1,1,1,NA,NA,305.452,NA,NA,NA,NA,NA,NA,NA
1989,Greece,1,0,0,1,NA,NA,7830.142,NA,NA,NA,NA,NA,NA,NA
1988,Japan,4792,4300,4300,3916,NA,NA,98490,NA,NA,NA,NA,NA,NA,NA
1988,European Patent Office,1437,936,936,782,NA,NA,NA,NA,NA,NA,NA,NA,NA,NA
1988,USA,1174,873,873,633,NA,NA,184613,NA,NA,NA,NA,NA,NA,NA
1988,Germany,744,553,553,433,NA,NA,51633.5,NA,NA,NA,NA,NA,NA,NA
1988,South Korea,397,172,172,8,NA,NA,NA,NA,NA,NA,NA,NA,NA,NA
1988,France,251,180,180,226,NA,NA,42518.408,NA,NA,NA,NA,NA,NA,NA
1988,World Intellectual Property Organization,127,76,76,127,NA,NA,NA,NA,NA,NA,NA,NA,NA,NA
1988,Italy,93,78,78,91,NA,NA,47254.145,NA,NA,NA,NA,NA,NA,NA
1988,Netherlands,63,43,43,63,NA,NA,11691.077,NA,NA,NA,NA,NA,NA,NA
1988,China,62,28,28,0,NA,NA,NA,NA,NA,NA,NA,NA,NA,NA
1988,Austria,44,39,39,44,NA,NA,6265.3,NA,NA,NA,NA,NA,NA,NA
1988,Denmark,43,16,16,43,NA,NA,4226.254,NA,NA,NA,NA,NA,NA,NA
1988,Finland,29,16,16,21,NA,NA,3989,NA,NA,NA,NA,NA,NA,NA
1988,Ireland,21,19,19,21,NA,NA,2483.747,NA,NA,NA,NA,NA,NA,NA
1988,Hungary,3,3,3,3,NA,NA,NA,NA,NA,NA,NA,NA,NA,NA
1988,Belgium,3,1,1,3,NA,NA,7967.376,NA,NA,NA,NA,NA,NA,NA
1988,Greece,1,0,0,1,NA,NA,7754.111,NA,NA,NA,NA,NA,NA,NA
1988,Luxembourg,1,0,0,1,NA,NA,303.721,NA,NA,NA,NA,NA,NA,NA
1987,Japan,4447,4023,4023,3520,NA,NA,97200,NA,NA,NA,NA,NA,NA,NA
1987,USA,1295,1000,1000,704,NA,NA,182753,NA,NA,NA,NA,NA,NA,NA
1987,European Patent Office,1235,882,882,621,NA,NA,NA,NA,NA,NA,NA,NA,NA,NA
1987,Germany,728,532,532,417,NA,NA,51511.75,NA,NA,NA,NA,NA,NA,NA
1987,South Korea,296,132,132,3,NA,NA,NA,NA,NA,NA,NA,NA,NA,NA
1987,France,283,207,207,266,NA,NA,42166.341,NA,NA,NA,NA,NA,NA,NA
1987,Italy,205,168,168,205,NA,NA,46204.112,NA,NA,NA,NA,NA,NA,NA
1987,World Intellectual Property Organization,88,65,65,88,NA,NA,NA,NA,NA,NA,NA,NA,NA,NA
1987,Netherlands,67,53,53,67,NA,NA,11583.764,NA,NA,NA,NA,NA,NA,NA
1987,China,39,19,19,1,NA,NA,NA,NA,NA,NA,NA,NA,NA,NA
1987,Austria,24,20,20,24,NA,NA,6236.6,NA,NA,NA,NA,NA,NA,NA
1987,Denmark,21,15,15,21,NA,NA,4197.071,NA,NA,NA,NA,NA,NA,NA
1987,Ireland,20,17,17,20,NA,NA,2466.872,NA,NA,NA,NA,NA,NA,NA
1987,Finland,18,10,10,14,NA,NA,3980,NA,NA,NA,NA,NA,NA,NA
1987,Hungary,3,1,1,3,NA,NA,NA,NA,NA,NA,NA,NA,NA,NA
1987,Belgium,1,1,1,1,NA,NA,7970.191,NA,NA,NA,NA,NA,NA,NA
1987,Luxembourg,1,1,1,1,NA,NA,302.122,NA,NA,NA,NA,NA,NA,NA
1986,Japan,6996,6390,6390,6277,NA,NA,95870,NA,NA,NA,NA,NA,NA,NA
1986,European Patent Office,1359,1015,1015,734,NA,NA,NA,NA,NA,NA,NA,NA,NA,NA
1986,USA,1095,838,838,555,NA,NA,180587,NA,NA,NA,NA,NA,NA,NA
1986,Germany,645,475,475,336,NA,NA,51184.25,NA,NA,NA,NA,NA,NA,NA
1986,France,349,242,242,329,NA,NA,41787.661,NA,NA,NA,NA,NA,NA,NA
1986,Italy,289,235,235,280,NA,NA,45801.744,NA,NA,NA,NA,NA,NA,NA
1986,South Korea,216,102,102,24,NA,NA,NA,NA,NA,NA,NA,NA,NA,NA
1986,Netherlands,79,61,61,79,NA,NA,11732,NA,NA,NA,NA,NA,NA,NA
1986,World Intellectual Property Organization,74,42,42,74,NA,NA,NA,NA,NA,NA,NA,NA,NA,NA
1986,China,35,23,23,0,NA,NA,NA,NA,NA,NA,NA,NA,NA,NA
1986,Ireland,31,16,16,31,NA,NA,2454.772,NA,NA,NA,NA,NA,NA,NA
1986,Austria,24,20,20,24,NA,NA,6209,NA,NA,NA,NA,NA,NA,NA
1986,Finland,11,8,8,11,NA,NA,3968,NA,NA,NA,NA,NA,NA,NA
1986,Denmark,9,3,3,9,NA,NA,4168.829,NA,NA,NA,NA,NA,NA,NA
1986,Belgium,3,2,2,3,NA,NA,7959.492,NA,NA,NA,NA,NA,NA,NA
1986,Hungary,2,1,1,2,NA,NA,NA,NA,NA,NA,NA,NA,NA,NA
1986,Greece,2,0,0,2,NA,NA,7603.641,NA,NA,NA,NA,NA,NA,NA
1985,Japan,6556,5970,5970,5994,NA,NA,94650,NA,NA,NA,NA,NA,NA,NA
1985,European Patent Office,1100,804,804,600,NA,NA,NA,NA,NA,NA,NA,NA,NA,NA
1985,USA,901,697,697,463,NA,NA,178206,NA,NA,NA,NA,NA,NA,NA
1985,Germany,697,538,538,359,NA,NA,51073.75,NA,NA,NA,NA,NA,NA,NA
1985,France,431,312,312,348,NA,NA,41526.316,NA,NA,NA,NA,NA,NA,NA
1985,Italy,355,287,287,345,NA,NA,45340.924,NA,NA,NA,NA,NA,NA,NA
1985,South Korea,210,64,64,13,NA,NA,NA,NA,NA,NA,NA,NA,NA,NA
1985,Netherlands,85,64,64,85,NA,NA,11286.43,NA,NA,NA,NA,NA,NA,NA
1985,World Intellectual Property Organization,78,57,57,78,NA,NA,NA,NA,NA,NA,NA,NA,NA,NA
1985,Austria,30,22,22,28,NA,NA,6180.7,NA,NA,NA,NA,NA,NA,NA
1985,Denmark,25,11,11,25,NA,NA,4127.558,NA,NA,NA,NA,NA,NA,NA
1985,Ireland,18,14,14,18,NA,NA,2440.634,NA,NA,NA,NA,NA,NA,NA
1985,Finland,13,6,6,12,NA,NA,3953,NA,NA,NA,NA,NA,NA,NA
1985,Hungary,4,1,1,4,NA,NA,NA,NA,NA,NA,NA,NA,NA,NA
1985,Greece,2,1,1,2,NA,NA,7533.118,NA,NA,NA,NA,NA,NA,NA
1985,Luxembourg,1,0,0,1,NA,NA,293.617,NA,NA,NA,NA,NA,NA,NA
1985,Belgium,1,0,0,1,NA,NA,7927.649,NA,NA,NA,NA,NA,NA,NA
1985,Bulgaria,1,1,1,0,NA,NA,NA,NA,NA,NA,NA,NA,NA,NA
1985,Malta,1,1,1,1,NA,NA,262.276,NA,NA,NA,NA,NA,NA,NA
1984,Japan,5275,4845,4845,4817,NA,NA,93470,NA,NA,NA,NA,NA,NA,NA
1984,European Patent Office,833,647,647,508,NA,NA,NA,NA,NA,NA,NA,NA,NA,NA
1984,USA,821,639,639,405,NA,NA,176383,NA,NA,NA,NA,NA,NA,NA
1984,Germany,668,516,516,325,NA,NA,50831.792,NA,NA,NA,NA,NA,NA,NA
1984,France,408,293,293,319,NA,NA,41158.41,NA,NA,NA,NA,NA,NA,NA
1984,South Korea,164,55,55,22,NA,NA,NA,NA,NA,NA,NA,NA,NA,NA
1984,Netherlands,87,70,70,86,NA,NA,NA,NA,NA,NA,NA,NA,NA,NA
1984,Italy,71,63,63,71,NA,NA,44891.711,NA,NA,NA,NA,NA,NA,NA
1984,World Intellectual Property Organization,45,31,31,45,NA,NA,NA,NA,NA,NA,NA,NA,NA,NA
1984,Austria,42,28,28,35,NA,NA,6149.4,NA,NA,NA,NA,NA,NA,NA
1984,Denmark,27,9,9,27,NA,NA,4085.839,NA,NA,NA,NA,NA,NA,NA
1984,Greece,17,10,10,17,NA,NA,7462.24,NA,NA,NA,NA,NA,NA,NA
1984,Ireland,16,13,13,16,NA,NA,2428.469,NA,NA,NA,NA,NA,NA,NA
1984,Finland,14,7,7,13,NA,NA,4894.859,NA,NA,NA,NA,NA,NA,NA
1984,Belgium,6,5,5,6,NA,NA,7895.779,NA,NA,NA,NA,NA,NA,NA
1984,Hungary,5,4,4,5,NA,NA,NA,NA,NA,NA,NA,NA,NA,NA
1984,Bulgaria,1,1,1,1,NA,NA,NA,NA,NA,NA,NA,NA,NA,NA
1983,Japan,5240,4799,4799,4790,NA,NA,92320,NA,NA,NA,NA,NA,NA,NA
1983,European Patent Office,825,644,644,468,NA,NA,NA,NA,NA,NA,NA,NA,NA,NA
1983,USA,782,621,621,599,NA,NA,174215,NA,NA,NA,NA,NA,NA,NA
1983,Germany,765,597,597,338,NA,NA,51047.996,NA,NA,NA,NA,NA,NA,NA
1983,France,484,361,361,383,NA,NA,40366.057,NA,NA,NA,NA,NA,NA,NA
1983,Netherlands,136,102,102,136,NA,NA,11008.446,NA,NA,NA,NA,NA,NA,NA
1983,South Korea,136,78,78,13,NA,NA,NA,NA,NA,NA,NA,NA,NA,NA
1983,Italy,65,53,53,65,NA,NA,44805.804,NA,NA,NA,NA,NA,NA,NA
1983,World Intellectual Property Organization,52,43,43,52,NA,NA,NA,NA,NA,NA,NA,NA,NA,NA
1983,Austria,41,29,29,32,NA,NA,6110.2,NA,NA,NA,NA,NA,NA,NA
1983,Ireland,33,27,27,33,NA,NA,2382.036,NA,NA,NA,NA,NA,NA,NA
1983,Denmark,27,15,15,27,NA,NA,4067.926,NA,NA,NA,NA,NA,NA,NA
1983,Belgium,14,9,9,14,NA,NA,7626.686,NA,NA,NA,NA,NA,NA,NA
1983,Finland,10,3,3,10,NA,NA,NA,NA,NA,NA,NA,NA,NA,NA
1983,Hungary,4,3,3,4,NA,NA,NA,NA,NA,NA,NA,NA,NA,NA
1983,Luxembourg,2,1,1,2,NA,NA,294.207,NA,NA,NA,NA,NA,NA,NA
1983,Greece,2,1,1,2,NA,NA,7367.988,NA,NA,NA,NA,NA,NA,NA
1982,Japan,4518,4168,4168,4125,NA,NA,91160,NA,NA,NA,NA,NA,NA,NA
1982,Germany,853,677,677,403,NA,NA,NA,NA,NA,NA,NA,NA,NA,NA
1982,USA,736,542,542,729,NA,NA,172271,NA,NA,NA,NA,NA,NA,NA
1982,European Patent Office,659,504,504,437,NA,NA,NA,NA,NA,NA,NA,NA,NA,NA
1982,France,573,425,425,453,NA,NA,42932.281,NA,NA,NA,NA,NA,NA,NA
1982,Netherlands,119,89,89,119,NA,NA,11214,NA,NA,NA,NA,NA,NA,NA
1982,Italy,101,83,83,100,NA,NA,45597,NA,NA,NA,NA,NA,NA,NA
1982,World Intellectual Property Organization,42,33,33,42,NA,NA,NA,NA,NA,NA,NA,NA,NA,NA
1982,Ireland,30,28,28,30,NA,NA,NA,NA,NA,NA,NA,NA,NA,NA
1982,South Korea,22,18,18,22,NA,NA,NA,NA,NA,NA,NA,NA,NA,NA
1982,Austria,20,8,8,15,NA,NA,6036.428,NA,NA,NA,NA,NA,NA,NA
1982,Finland,17,10,10,17,NA,NA,3670.15,NA,NA,NA,NA,NA,NA,NA
1982,Belgium,12,8,8,12,NA,NA,NA,NA,NA,NA,NA,NA,NA,NA
1982,Denmark,12,7,7,12,NA,NA,NA,NA,NA,NA,NA,NA,NA,NA
1982,Greece,1,0,0,1,NA,NA,7633.339,NA,NA,NA,NA,NA,NA,NA
1982,Hungary,1,1,1,1,NA,NA,NA,NA,NA,NA,NA,NA,NA,NA
1981,Japan,3379,3079,3079,3071,NA,NA,90170,NA,NA,NA,NA,NA,NA,NA
1981,USA,778,569,569,770,NA,NA,170130,NA,NA,NA,NA,NA,NA,NA
1981,Germany,737,543,543,291,NA,NA,NA,NA,NA,NA,NA,NA,NA,NA
1981,European Patent Office,560,411,411,448,NA,NA,NA,NA,NA,NA,NA,NA,NA,NA
1981,France,382,284,284,336,NA,NA,42627.578,NA,NA,NA,NA,NA,NA,NA
1981,Italy,117,109,109,117,NA,NA,44429.297,NA,NA,NA,NA,NA,NA,NA
1981,Netherlands,117,80,80,115,NA,NA,10748.5,NA,NA,NA,NA,NA,NA,NA
1981,World Intellectual Property Organization,49,37,37,49,NA,NA,NA,NA,NA,NA,NA,NA,NA,NA
1981,Ireland,31,23,23,31,NA,NA,2399.676,NA,NA,NA,NA,NA,NA,NA
1981,Austria,20,11,11,20,NA,NA,6044.774,NA,NA,NA,NA,NA,NA,NA
1981,Denmark,18,10,10,16,NA,NA,4074.488,NA,NA,NA,NA,NA,NA,NA
1981,South Korea,17,13,13,16,NA,NA,NA,NA,NA,NA,NA,NA,NA,NA
1981,Belgium,16,12,12,16,NA,NA,9848.647,NA,NA,NA,NA,NA,NA,NA
1981,Finland,8,6,6,8,NA,NA,3856.622,NA,NA,NA,NA,NA,NA,NA
1981,Hungary,2,2,2,2,NA,NA,NA,NA,NA,NA,NA,NA,NA,NA
1981,Luxembourg,2,1,1,2,NA,NA,297.104,NA,NA,NA,NA,NA,NA,NA
1980,Japan,2118,1907,1907,1829,NA,NA,89320,NA,NA,NA,NA,NA,NA,NA
1980,Germany,878,684,684,434,NA,NA,NA,NA,NA,NA,NA,NA,NA,NA
1980,USA,782,559,559,657,NA,NA,167745,NA,NA,NA,NA,NA,NA,NA
1980,France,548,412,412,533,NA,NA,42338.489,NA,NA,NA,NA,NA,NA,NA
1980,European Patent Office,267,187,187,238,NA,NA,NA,NA,NA,NA,NA,NA,NA,NA
1980,Netherlands,233,192,192,231,NA,NA,10906.9,NA,NA,NA,NA,NA,NA,NA
1980,Italy,145,120,120,144,NA,NA,44642,NA,NA,NA,NA,NA,NA,NA
1980,World Intellectual Property Organization,33,21,21,33,NA,NA,NA,NA,NA,NA,NA,NA,NA,NA
1980,Belgium,29,21,21,29,NA,NA,NA,NA,NA,NA,NA,NA,NA,NA
1980,Denmark,24,17,17,18,NA,NA,NA,NA,NA,NA,NA,NA,NA,NA
1980,Austria,17,8,8,17,NA,NA,NA,NA,NA,NA,NA,NA,NA,NA
1980,South Korea,16,16,16,16,NA,NA,24751.04,NA,NA,NA,NA,NA,NA,NA
1980,Ireland,12,8,8,12,NA,NA,NA,NA,NA,NA,NA,NA,NA,NA
1980,Hungary,4,2,2,4,NA,NA,8368.29,NA,NA,NA,NA,NA,NA,NA
1980,Finland,3,2,2,3,NA,NA,4786.874,NA,NA,NA,NA,NA,NA,NA
1980,Greece,1,1,1,1,NA,NA,NA,NA,NA,NA,NA,NA,NA,NA
